expenditure_id,asset_id,expenditure_date,expenditure_amount
1,421,2023-03-13,552
2,3502,2022-12-01,324
3,4119,2020-02-22,511
4,2367,2021-06-20,233
5,4366,2023-04-13,713
6,3258,2019-09-07,717
7,2212,2021-11-09,519
8,3093,2020-08-01,265
9,1328,2022-08-27,534
10,2028,2022-05-03,274
11,1649,2020-12-05,703
12,523,2020-01-31,426
13,134,2019-11-19,541
14,313,2021-09-29,563
15,1824,2022-09-21,160
16,3107,2021-03-20,693
17,1312,2020-01-31,374
18,2152,2021-05-12,638
19,1709,2022-05-30,591
20,1143,2022-12-28,440
21,3095,2021-08-10,521
22,1879,2021-12-17,401
23,801,2020-08-20,409
24,342,2019-10-06,681
25,4155,2019-12-05,686
26,3508,2019-09-02,276
27,4356,2020-12-27,480
28,3113,2023-02-16,346
29,1176,2020-09-21,610
30,3893,2020-08-29,290
31,2342,2022-02-26,235
32,3996,2021-10-28,311
33,2138,2021-08-13,359
34,3529,2023-03-18,481
35,726,2020-08-18,433
36,905,2023-03-12,111
37,1033,2023-01-17,686
38,1498,2020-10-20,246
39,3046,2021-10-20,272
40,1239,2021-04-01,446
41,1316,2021-03-17,381
42,1506,2019-08-19,375
43,863,2021-02-17,351
44,2929,2021-12-14,100
45,4136,2022-10-28,511
46,2516,2021-03-08,325
47,2894,2023-03-12,515
48,3438,2020-08-19,331
49,975,2020-12-14,504
50,990,2021-06-19,398
51,3587,2022-09-26,560
52,3529,2020-11-16,497
53,1657,2020-06-20,648
54,1333,2022-10-28,339
55,1118,2021-04-11,361
56,2351,2021-07-30,740
57,4156,2021-10-09,619
58,2091,2023-03-04,345
59,1769,2020-05-28,283
60,3989,2019-07-21,199
61,1187,2023-04-09,143
62,3424,2021-10-27,228
63,1155,2020-01-28,173
64,89,2020-03-11,593
65,1610,2020-04-29,366
66,1572,2021-12-10,584
67,1214,2022-10-28,583
68,1895,2019-11-11,527
69,1865,2022-09-24,232
70,2016,2023-03-25,543
71,4294,2021-01-10,492
72,3749,2021-08-28,617
73,4456,2020-11-01,491
74,367,2019-08-25,113
75,1359,2023-02-26,193
76,3386,2020-01-29,414
77,3385,2021-11-09,220
78,1838,2020-01-05,356
79,1482,2022-11-10,146
80,2522,2020-04-29,454
81,2599,2021-12-28,402
82,3693,2021-01-02,101
83,3961,2021-06-05,585
84,3173,2021-07-16,268
85,4254,2021-04-15,578
86,387,2021-08-10,571
87,4456,2021-08-10,205
88,4304,2022-06-25,612
89,2732,2019-07-31,556
90,3028,2020-10-10,121
91,3320,2023-06-07,511
92,1971,2022-11-11,524
93,1515,2020-10-06,148
94,3565,2021-07-30,107
95,507,2023-06-03,710
96,1220,2023-04-19,545
97,185,2023-05-11,391
98,3656,2023-06-10,459
99,3142,2021-02-05,733
100,3421,2023-05-26,328
101,3667,2019-09-24,472
102,1057,2019-12-08,237
103,2505,2023-05-18,469
104,2207,2021-05-05,115
105,2635,2023-04-28,280
106,472,2020-12-29,133
107,4074,2020-08-25,591
108,687,2020-12-18,255
109,1523,2022-05-23,202
110,2548,2023-02-21,658
111,1039,2020-02-03,363
112,1129,2022-03-11,665
113,1888,2021-06-27,728
114,800,2020-08-16,314
115,2532,2020-06-09,179
116,3876,2022-12-03,190
117,1346,2021-09-29,625
118,4418,2021-02-18,299
119,4107,2022-06-06,594
120,1418,2021-07-11,148
121,345,2021-06-07,569
122,1273,2019-09-06,421
123,376,2019-07-27,253
124,1901,2023-02-15,430
125,3855,2020-06-15,156
126,373,2020-07-24,531
127,2480,2020-11-23,721
128,2589,2019-07-31,311
129,2541,2022-02-09,423
130,664,2023-06-02,153
131,1278,2022-05-01,141
132,768,2021-05-09,267
133,4224,2021-01-05,308
134,3031,2023-05-03,537
135,397,2021-02-26,276
136,2117,2022-06-22,136
137,446,2022-01-18,332
138,1415,2020-11-25,240
139,2142,2019-12-26,248
140,4470,2019-12-05,277
141,1965,2022-06-28,441
142,1245,2020-09-28,708
143,2505,2020-01-21,145
144,3555,2022-10-18,406
145,2959,2020-05-29,266
146,893,2022-01-28,246
147,1044,2022-01-15,192
148,3434,2021-01-18,346
149,2634,2023-03-18,256
150,3459,2021-03-09,131
151,1417,2023-04-07,616
152,1969,2023-01-30,709
153,4106,2022-06-26,639
154,333,2020-05-25,482
155,3364,2020-11-01,372
156,4114,2021-07-24,121
157,4165,2023-03-28,553
158,900,2023-03-31,728
159,2611,2019-11-03,712
160,2282,2020-07-22,158
161,251,2021-04-07,589
162,3976,2019-07-14,571
163,1764,2019-08-26,640
164,1428,2022-05-13,619
165,722,2022-08-23,438
166,2339,2020-05-06,197
167,4165,2022-04-30,652
168,865,2021-01-22,500
169,2466,2021-07-21,387
170,395,2021-07-21,413
171,2301,2020-03-06,592
172,3477,2020-02-17,177
173,1130,2020-03-25,227
174,2916,2021-07-28,118
175,2363,2022-11-28,475
176,587,2019-10-10,242
177,4077,2022-02-21,582
178,2797,2019-07-12,356
179,3175,2019-10-24,657
180,1880,2021-03-03,611
181,1770,2020-01-25,646
182,23,2022-11-28,211
183,2927,2022-07-10,679
184,4272,2022-02-05,100
185,1064,2022-02-25,377
186,2544,2023-06-02,621
187,642,2021-11-01,393
188,2026,2023-03-04,158
189,3430,2021-06-12,284
190,4033,2019-10-19,439
191,2356,2023-02-15,201
192,2930,2021-06-16,672
193,1043,2020-11-22,208
194,2531,2021-01-07,229
195,2237,2022-03-01,245
196,3548,2020-02-24,356
197,4064,2020-05-07,245
198,2044,2021-11-14,674
199,1464,2021-09-24,112
200,1288,2022-06-05,144
201,1290,2023-05-16,340
202,774,2019-08-07,517
203,3537,2021-06-11,699
204,2006,2020-12-14,415
205,3168,2019-09-09,238
206,557,2021-05-17,635
207,3137,2023-04-28,122
208,2353,2020-03-25,318
209,338,2022-08-06,143
210,4319,2021-04-17,672
211,3360,2022-07-08,726
212,677,2019-12-08,143
213,1282,2020-02-05,680
214,2023,2023-05-21,426
215,3308,2020-08-30,493
216,34,2020-12-22,154
217,3320,2020-01-18,173
218,1425,2022-10-29,367
219,125,2020-11-09,120
220,4317,2020-10-24,522
221,4162,2019-12-29,467
222,1002,2021-11-12,250
223,1088,2022-08-30,596
224,3094,2022-06-23,698
225,3674,2022-10-01,317
226,4073,2021-03-28,627
227,2208,2020-08-25,150
228,2080,2021-12-31,345
229,3988,2019-11-18,510
230,809,2020-07-12,338
231,1030,2020-11-02,429
232,2056,2023-05-06,196
233,3313,2022-08-15,715
234,8,2022-04-21,544
235,1307,2019-11-16,110
236,3465,2021-06-18,234
237,160,2021-07-10,457
238,2818,2020-06-28,203
239,3459,2021-02-22,710
240,1399,2019-08-03,746
241,2393,2020-02-29,186
242,399,2021-11-24,150
243,2080,2021-06-17,505
244,990,2020-12-17,510
245,482,2019-07-07,243
246,971,2023-06-04,728
247,2450,2021-06-18,629
248,2641,2019-12-10,378
249,4332,2021-07-31,110
250,1721,2021-04-03,332
251,643,2019-08-01,632
252,4055,2023-01-14,379
253,1114,2022-01-05,244
254,1664,2021-05-02,680
255,1521,2019-12-05,436
256,4359,2022-07-31,475
257,2158,2020-01-10,617
258,4243,2020-04-22,188
259,1344,2020-09-23,421
260,3612,2020-05-28,560
261,340,2023-03-18,149
262,3991,2020-10-02,112
263,4370,2023-02-14,400
264,978,2019-12-06,378
265,2266,2021-01-01,565
266,1737,2020-12-26,242
267,3125,2022-05-25,643
268,1345,2021-02-13,579
269,3910,2023-05-11,666
270,4092,2019-11-14,211
271,4500,2020-01-02,586
272,4074,2020-08-11,623
273,3019,2020-05-27,108
274,147,2021-03-27,167
275,2545,2019-08-13,702
276,2291,2023-01-03,665
277,4489,2020-07-05,206
278,940,2022-01-08,704
279,2557,2021-08-10,171
280,3246,2022-08-30,466
281,3127,2022-08-26,202
282,2556,2019-12-12,559
283,1405,2019-09-03,278
284,745,2023-03-31,323
285,1810,2021-12-03,510
286,2327,2022-07-19,657
287,3885,2020-06-27,341
288,166,2021-11-28,661
289,3662,2020-10-03,596
290,934,2023-05-16,641
291,3377,2020-06-29,630
292,851,2020-07-21,673
293,2698,2021-04-14,229
294,4074,2019-12-12,208
295,1421,2020-03-09,202
296,2915,2020-06-15,362
297,4339,2021-11-29,354
298,1042,2022-11-07,514
299,3870,2019-12-05,570
300,1899,2021-05-05,640
301,122,2022-05-21,350
302,1569,2023-03-01,582
303,3930,2023-02-16,469
304,2699,2022-09-19,327
305,1647,2022-04-02,414
306,608,2021-08-20,511
307,811,2022-07-16,597
308,1047,2020-10-18,620
309,3893,2020-03-19,135
310,2217,2022-04-23,297
311,656,2021-03-25,240
312,130,2021-04-25,265
313,50,2022-02-16,218
314,3885,2022-06-21,399
315,3897,2021-08-11,478
316,684,2022-10-15,732
317,2292,2020-05-19,555
318,4239,2021-09-27,705
319,2217,2019-08-31,376
320,524,2019-11-29,418
321,1250,2020-12-10,152
322,4386,2019-12-19,609
323,4103,2020-01-19,185
324,4427,2020-10-26,621
325,3109,2022-11-13,654
326,2921,2022-04-24,333
327,954,2020-03-08,532
328,1318,2022-02-04,546
329,2484,2020-02-26,376
330,4007,2020-11-18,296
331,4197,2021-12-20,612
332,1220,2020-02-02,153
333,143,2023-01-19,118
334,305,2022-01-13,519
335,1612,2022-10-18,713
336,4318,2022-03-05,436
337,4026,2020-09-08,107
338,312,2021-09-05,425
339,2681,2022-01-10,131
340,2609,2019-09-25,304
341,2974,2021-02-15,568
342,1447,2020-06-14,716
343,2385,2021-03-17,320
344,3299,2022-09-16,223
345,2577,2022-07-02,574
346,1896,2022-03-03,488
347,1112,2020-12-20,251
348,2736,2022-11-21,183
349,622,2023-03-21,637
350,280,2022-11-14,166
351,137,2022-03-11,735
352,1388,2019-10-04,194
353,2038,2020-03-17,697
354,3686,2022-06-09,715
355,1767,2021-01-18,631
356,1003,2019-11-27,458
357,4190,2019-10-23,744
358,1215,2020-09-23,459
359,2239,2023-02-18,450
360,1842,2020-06-22,690
361,2357,2023-02-25,390
362,3306,2019-11-05,405
363,3176,2023-06-26,399
364,350,2021-10-31,369
365,2997,2022-10-02,458
366,2190,2022-02-13,100
367,4094,2020-02-25,392
368,68,2019-11-23,630
369,4194,2022-03-06,126
370,248,2020-07-04,428
371,3391,2022-10-20,115
372,4375,2022-05-12,577
373,1471,2022-07-11,131
374,890,2021-12-20,242
375,398,2021-03-28,314
376,2980,2020-03-24,692
377,2411,2022-01-16,749
378,1472,2021-11-08,706
379,1876,2019-07-28,558
380,1435,2022-04-10,145
381,1774,2022-05-22,242
382,1774,2020-07-11,235
383,2869,2022-09-12,157
384,1453,2022-10-14,599
385,2244,2022-01-18,584
386,2950,2020-12-13,478
387,3313,2022-06-11,282
388,670,2021-08-29,508
389,3879,2021-08-25,526
390,4206,2022-06-02,548
391,911,2021-01-25,221
392,530,2022-01-31,536
393,1003,2021-04-09,688
394,1596,2022-04-21,542
395,838,2019-10-26,179
396,3189,2020-06-11,306
397,1383,2023-06-13,722
398,3194,2021-07-04,510
399,2290,2023-06-07,455
400,454,2021-04-24,135
401,3576,2022-10-26,269
402,503,2020-07-17,521
403,4050,2020-03-27,579
404,2371,2022-09-21,237
405,160,2021-04-07,466
406,2453,2019-11-06,519
407,2102,2021-09-25,238
408,137,2019-10-09,714
409,1835,2022-01-15,278
410,290,2021-01-10,158
411,115,2021-11-03,669
412,3320,2019-10-06,507
413,969,2020-05-10,169
414,3973,2020-04-02,303
415,2624,2019-10-24,461
416,214,2021-07-03,624
417,4333,2019-08-14,116
418,437,2021-09-19,123
419,1901,2023-05-29,130
420,457,2023-04-04,381
421,1434,2021-04-11,737
422,4308,2022-04-07,608
423,1652,2020-09-04,704
424,2786,2020-09-04,738
425,3916,2020-09-22,386
426,4177,2021-10-30,182
427,1170,2023-01-08,409
428,4471,2023-05-12,296
429,1576,2021-04-18,433
430,2867,2022-02-05,503
431,169,2020-01-01,274
432,2548,2019-07-16,688
433,3635,2022-04-20,199
434,85,2021-05-31,114
435,1752,2023-05-11,586
436,2848,2020-06-14,571
437,2947,2020-10-10,277
438,4140,2020-03-12,464
439,632,2021-01-13,240
440,1475,2021-09-27,207
441,1821,2021-07-12,251
442,655,2023-06-29,276
443,3571,2021-02-14,469
444,2711,2020-12-30,670
445,1384,2023-02-09,154
446,2119,2023-06-02,606
447,997,2022-03-25,680
448,979,2021-09-03,477
449,1946,2021-01-28,243
450,3541,2022-11-17,466
451,2186,2019-07-15,725
452,3112,2019-08-24,265
453,2298,2021-02-26,664
454,2891,2021-05-25,223
455,4228,2019-08-03,133
456,689,2020-07-28,603
457,3061,2022-04-06,272
458,3848,2023-01-31,308
459,4341,2019-09-16,576
460,110,2021-04-09,603
461,4500,2022-07-18,457
462,2629,2021-01-19,567
463,1946,2020-12-02,277
464,4323,2021-02-01,513
465,3384,2022-11-08,536
466,1837,2019-10-04,477
467,2089,2020-10-15,640
468,4207,2020-10-19,226
469,1687,2020-05-04,144
470,2919,2019-09-29,527
471,1315,2021-05-21,466
472,2029,2020-03-20,129
473,1483,2019-11-25,530
474,885,2019-10-26,284
475,1629,2021-11-14,174
476,3631,2020-03-04,426
477,492,2020-06-30,441
478,3889,2019-09-12,298
479,4261,2019-11-02,114
480,3446,2020-09-03,484
481,1639,2022-04-06,624
482,450,2023-03-25,264
483,3537,2022-07-11,142
484,3138,2021-10-08,727
485,10,2019-11-25,393
486,1334,2021-02-16,619
487,630,2021-01-18,618
488,3907,2022-05-09,316
489,1241,2022-02-15,265
490,824,2020-02-26,371
491,125,2022-11-15,585
492,1733,2021-02-23,396
493,3168,2021-09-30,110
494,2929,2019-08-20,448
495,1621,2020-02-07,709
496,2489,2020-02-27,458
497,1607,2021-06-25,289
498,2315,2021-11-26,146
499,3342,2021-02-10,267
500,2653,2023-02-14,381
501,3197,2020-04-08,547
502,3772,2020-01-22,381
503,3446,2020-07-03,718
504,4209,2020-08-18,473
505,769,2021-05-11,453
506,296,2022-03-08,126
507,1180,2023-01-22,116
508,1303,2021-02-22,667
509,69,2019-12-15,205
510,592,2022-04-14,555
511,784,2020-10-29,553
512,3734,2019-11-20,733
513,1535,2022-02-03,206
514,3051,2022-07-09,146
515,464,2019-10-05,437
516,3687,2022-11-18,660
517,1800,2023-05-13,470
518,4052,2023-03-31,595
519,3503,2021-08-22,463
520,2009,2023-06-21,583
521,4060,2022-08-29,511
522,2711,2020-01-17,339
523,4308,2021-07-26,145
524,2417,2019-11-24,217
525,4481,2021-04-23,276
526,3383,2021-11-11,735
527,3680,2020-01-21,349
528,1269,2020-03-23,251
529,961,2022-09-18,380
530,229,2019-11-28,224
531,2455,2020-06-10,232
532,1210,2021-12-25,453
533,1115,2022-06-05,365
534,3117,2020-03-12,293
535,4268,2022-12-06,516
536,3024,2020-08-03,613
537,3646,2021-06-25,226
538,3550,2022-04-15,675
539,165,2021-08-20,288
540,138,2021-06-09,463
541,1101,2020-10-26,714
542,3790,2021-02-20,169
543,795,2022-05-04,654
544,1434,2020-10-27,680
545,4090,2021-12-13,305
546,2330,2021-10-30,208
547,3985,2020-06-07,520
548,1525,2021-08-04,257
549,794,2022-02-23,660
550,4410,2020-07-06,114
551,1457,2021-01-26,544
552,4383,2023-05-16,170
553,3894,2022-07-01,161
554,1403,2022-08-18,390
555,414,2023-02-15,699
556,2746,2022-12-07,649
557,846,2021-07-15,515
558,3555,2021-04-28,323
559,2034,2022-03-28,669
560,1854,2020-01-19,241
561,664,2022-09-12,389
562,750,2021-01-07,665
563,1481,2020-05-02,314
564,2211,2023-01-27,105
565,2488,2022-07-06,673
566,3758,2020-09-09,307
567,1440,2021-04-13,275
568,345,2022-08-13,535
569,2431,2020-02-16,187
570,1429,2022-10-11,553
571,665,2021-05-21,383
572,1079,2019-08-13,276
573,2122,2021-10-22,470
574,1688,2019-08-22,498
575,4210,2022-06-20,194
576,2596,2022-10-15,562
577,4057,2019-08-17,362
578,2407,2021-07-12,479
579,3155,2022-04-22,514
580,3806,2023-07-04,529
581,3038,2020-10-23,494
582,178,2023-01-05,609
583,1578,2022-02-05,336
584,2342,2020-07-20,485
585,1321,2019-12-21,327
586,2118,2020-01-21,286
587,1541,2020-01-27,419
588,2979,2019-09-30,741
589,4311,2022-07-01,429
590,1806,2022-10-21,669
591,986,2021-06-03,517
592,208,2022-03-05,303
593,791,2021-03-02,332
594,2333,2023-02-25,330
595,2570,2023-02-02,612
596,1582,2023-06-03,675
597,800,2020-08-16,551
598,1198,2022-05-30,284
599,1802,2022-05-26,103
600,1309,2021-04-15,251
601,3297,2022-03-04,698
602,3642,2022-07-08,370
603,2573,2021-12-20,120
604,4131,2020-12-29,132
605,2363,2021-09-06,670
606,708,2020-01-27,655
607,4195,2019-08-31,130
608,2000,2020-06-05,207
609,2386,2021-07-28,523
610,3430,2020-09-20,408
611,3540,2020-04-07,408
612,4466,2022-09-07,742
613,1579,2019-07-08,335
614,3409,2019-10-14,590
615,3774,2022-04-05,516
616,3148,2023-03-12,501
617,797,2020-06-09,681
618,3453,2020-08-01,588
619,3028,2023-05-27,558
620,1892,2022-02-10,426
621,1937,2022-08-03,170
622,433,2019-10-08,698
623,93,2020-07-09,590
624,605,2022-07-19,353
625,2161,2021-04-08,138
626,1127,2019-12-04,137
627,1851,2021-12-14,114
628,4011,2021-05-01,599
629,1960,2021-11-26,322
630,120,2022-09-09,524
631,3306,2023-06-21,440
632,1978,2020-04-09,553
633,3202,2021-10-13,254
634,398,2019-09-13,566
635,4184,2020-05-17,721
636,2051,2021-06-29,376
637,175,2019-09-29,597
638,1291,2022-06-07,398
639,122,2022-10-23,624
640,4292,2020-05-21,536
641,4294,2019-12-06,261
642,3414,2021-03-27,673
643,2026,2022-12-07,713
644,990,2021-11-20,116
645,1556,2023-02-17,747
646,791,2021-08-17,539
647,1202,2023-03-23,671
648,3681,2023-04-18,266
649,1927,2021-03-24,188
650,2285,2022-04-27,317
651,417,2021-07-21,172
652,3941,2021-02-10,542
653,4263,2019-11-29,690
654,2823,2021-06-13,706
655,1453,2020-09-03,718
656,351,2022-03-18,320
657,1572,2023-03-27,165
658,1682,2021-09-13,187
659,3218,2020-08-13,314
660,2079,2019-12-02,530
661,2206,2020-03-01,215
662,943,2020-08-07,194
663,1846,2023-01-14,454
664,957,2023-05-04,370
665,3871,2021-06-14,473
666,2485,2020-10-03,321
667,285,2022-05-31,279
668,3211,2020-02-08,585
669,925,2022-07-03,717
670,2028,2020-11-19,567
671,4270,2020-10-02,722
672,188,2020-07-04,365
673,2878,2022-02-03,214
674,2673,2023-01-24,650
675,1294,2022-09-09,529
676,880,2022-09-16,501
677,4365,2022-01-29,521
678,864,2020-03-24,491
679,455,2019-11-04,725
680,2679,2023-01-29,504
681,3469,2019-12-14,731
682,2768,2020-07-25,519
683,845,2021-11-03,646
684,1445,2022-05-25,573
685,3977,2020-03-09,151
686,2482,2021-05-01,179
687,2539,2022-09-25,691
688,2428,2021-02-13,713
689,2258,2020-08-04,573
690,584,2019-08-10,322
691,1823,2022-05-02,592
692,2216,2022-02-27,130
693,1651,2019-09-08,509
694,765,2022-03-01,238
695,2580,2022-05-18,707
696,3896,2022-07-13,365
697,1659,2019-09-25,347
698,1520,2020-10-25,609
699,1295,2020-01-30,644
700,2149,2022-02-17,390
701,1546,2022-12-19,203
702,2326,2022-11-17,476
703,455,2021-07-18,529
704,1456,2021-05-17,728
705,3290,2021-11-20,570
706,3953,2020-05-25,605
707,4352,2021-05-12,126
708,2632,2023-05-06,240
709,364,2020-03-10,337
710,1272,2022-04-27,690
711,1912,2020-01-15,635
712,2168,2021-10-01,278
713,944,2020-05-09,609
714,3614,2021-07-04,464
715,2044,2020-03-17,533
716,2312,2021-04-06,212
717,1581,2019-11-22,719
718,1343,2020-01-24,287
719,2996,2021-02-22,237
720,2268,2019-10-30,227
721,4094,2020-06-21,385
722,3869,2021-06-06,152
723,475,2023-03-23,434
724,996,2021-11-28,147
725,1794,2021-09-12,204
726,1199,2020-12-20,322
727,1102,2022-10-06,747
728,426,2020-03-15,111
729,3164,2022-01-21,487
730,1865,2021-06-28,215
731,4193,2020-04-12,372
732,2232,2019-09-12,347
733,1739,2019-10-29,198
734,288,2021-10-16,563
735,1492,2023-04-10,374
736,3032,2022-06-06,356
737,4190,2021-07-19,697
738,4252,2021-02-15,156
739,3986,2020-06-13,291
740,4149,2022-07-19,604
741,678,2022-05-08,317
742,2182,2020-02-12,224
743,2983,2019-09-29,644
744,3383,2020-03-20,618
745,439,2022-09-22,454
746,4376,2020-12-06,388
747,536,2021-01-09,640
748,3044,2020-12-03,377
749,3901,2022-11-19,487
750,3408,2020-07-08,504
751,714,2023-01-24,626
752,2935,2021-11-24,370
753,1675,2020-03-07,219
754,3131,2023-03-13,717
755,307,2021-08-17,212
756,4178,2023-05-10,747
757,1433,2022-11-02,724
758,4177,2020-09-17,551
759,2775,2022-03-20,695
760,1276,2021-09-03,615
761,47,2021-11-25,329
762,4366,2022-07-13,295
763,474,2023-01-31,430
764,2105,2020-04-21,240
765,616,2022-11-02,582
766,2682,2022-10-19,294
767,696,2019-09-07,554
768,3224,2021-08-01,550
769,1742,2019-09-22,231
770,4348,2019-08-29,461
771,1869,2023-02-16,411
772,1422,2022-03-27,317
773,195,2023-02-25,670
774,2681,2021-08-06,381
775,564,2020-03-11,569
776,930,2022-08-05,260
777,1186,2022-08-11,609
778,686,2022-11-26,712
779,590,2021-06-25,417
780,3003,2019-09-18,624
781,3136,2019-08-09,370
782,1853,2023-04-14,181
783,3530,2022-03-15,171
784,612,2021-05-12,120
785,803,2021-06-07,701
786,1279,2021-07-14,522
787,782,2022-09-01,124
788,2394,2021-05-03,230
789,2327,2021-02-18,115
790,4307,2023-02-09,355
791,607,2020-11-25,661
792,3739,2022-09-05,540
793,1910,2021-03-23,101
794,1605,2021-03-09,350
795,4368,2021-05-11,657
796,17,2019-09-05,130
797,543,2019-11-22,561
798,1752,2022-06-02,460
799,2636,2020-08-21,604
800,802,2021-06-26,567
801,2591,2021-09-03,649
802,2299,2023-03-16,413
803,86,2023-01-18,318
804,3996,2020-06-05,437
805,3033,2020-02-27,653
806,4423,2020-04-08,688
807,1646,2022-05-06,277
808,2220,2020-10-03,382
809,1725,2022-10-15,306
810,1928,2020-08-02,209
811,4155,2021-02-10,349
812,323,2019-11-20,695
813,729,2021-03-22,629
814,1454,2019-09-23,166
815,3954,2021-12-22,680
816,172,2022-12-22,490
817,1781,2019-10-02,457
818,2015,2023-04-21,202
819,391,2021-02-24,301
820,362,2020-11-23,469
821,1187,2020-01-21,139
822,3221,2020-09-23,409
823,606,2019-08-07,359
824,1115,2021-02-01,130
825,4333,2021-03-09,686
826,644,2022-07-23,649
827,120,2019-08-03,166
828,2250,2021-10-08,284
829,837,2022-06-07,259
830,1348,2022-03-08,300
831,4106,2020-08-30,713
832,2480,2020-07-05,696
833,2102,2023-05-06,719
834,3383,2020-02-24,157
835,2002,2022-01-03,688
836,140,2021-11-30,673
837,3780,2023-07-02,389
838,3787,2021-08-18,126
839,189,2022-12-27,469
840,2263,2023-04-02,443
841,3867,2021-08-20,575
842,3689,2022-09-02,336
843,420,2021-02-20,250
844,856,2022-03-31,399
845,2216,2020-07-06,134
846,2124,2020-11-09,355
847,989,2023-06-05,451
848,2925,2021-09-02,210
849,1552,2023-03-09,558
850,2497,2022-08-15,373
851,3282,2019-09-25,211
852,2089,2020-08-02,222
853,2783,2021-05-02,397
854,1489,2020-03-29,156
855,1097,2022-03-18,105
856,806,2020-06-10,673
857,2598,2020-04-30,696
858,146,2019-08-13,505
859,2197,2020-12-23,505
860,4117,2020-10-25,328
861,3230,2022-04-22,392
862,3430,2022-01-31,465
863,113,2023-03-20,563
864,3540,2021-10-30,385
865,871,2019-12-14,167
866,2685,2022-08-22,347
867,1403,2023-03-16,246
868,802,2022-07-08,677
869,3001,2021-01-02,106
870,1924,2019-09-22,555
871,2049,2019-08-20,246
872,600,2021-04-19,349
873,3370,2022-12-17,239
874,925,2020-03-03,593
875,238,2019-12-20,321
876,2053,2021-07-13,728
877,1001,2022-02-10,712
878,2505,2019-07-13,120
879,1744,2023-03-04,535
880,2145,2021-05-29,177
881,4274,2020-06-20,121
882,3873,2022-04-14,177
883,3269,2020-08-13,404
884,3428,2021-07-12,187
885,880,2021-01-18,736
886,2807,2022-11-16,261
887,1389,2019-11-08,448
888,3875,2022-12-02,542
889,1481,2022-12-03,747
890,611,2023-05-31,253
891,1230,2021-05-31,438
892,3225,2022-10-16,262
893,3149,2021-02-21,429
894,2764,2022-12-16,140
895,751,2019-09-16,161
896,928,2022-06-04,377
897,34,2020-08-08,363
898,764,2020-06-21,601
899,1399,2023-05-11,418
900,3005,2020-08-03,427
901,723,2023-05-21,413
902,3409,2021-10-09,518
903,2248,2023-01-13,657
904,3457,2022-05-20,704
905,769,2019-11-11,430
906,3486,2021-04-06,141
907,3485,2022-01-07,389
908,1843,2020-11-15,255
909,2581,2021-04-22,293
910,2901,2022-11-13,544
911,3495,2022-12-20,272
912,2658,2021-09-02,163
913,1243,2020-05-28,415
914,4142,2019-11-24,505
915,395,2020-07-30,694
916,2171,2021-10-23,615
917,956,2021-11-23,601
918,2843,2021-09-09,364
919,876,2021-04-20,293
920,4463,2021-08-26,385
921,4003,2020-04-28,243
922,2757,2020-06-29,658
923,3535,2020-10-21,450
924,3997,2022-07-09,500
925,1642,2022-09-09,446
926,2993,2021-09-12,242
927,2099,2020-03-03,618
928,939,2022-12-26,166
929,3355,2023-04-18,421
930,2551,2022-06-13,583
931,1237,2022-02-13,515
932,3369,2021-12-20,601
933,3726,2023-03-21,437
934,385,2020-07-04,386
935,3333,2022-04-18,523
936,3725,2022-12-08,327
937,4474,2020-01-16,187
938,3952,2022-07-06,510
939,2478,2022-04-04,434
940,1216,2021-03-28,448
941,1143,2021-01-25,645
942,2813,2022-12-31,420
943,2989,2019-11-24,455
944,4443,2020-04-09,571
945,2890,2023-06-11,543
946,3629,2021-11-25,743
947,3430,2020-11-07,583
948,96,2022-11-24,338
949,1875,2020-09-10,459
950,1008,2022-09-01,574
951,2523,2020-04-14,295
952,468,2022-04-18,691
953,2193,2020-05-29,615
954,3623,2019-10-24,660
955,1889,2020-11-12,179
956,3709,2019-08-12,187
957,1815,2023-02-02,171
958,3761,2020-04-08,732
959,4387,2020-08-15,599
960,1311,2021-03-26,678
961,2879,2020-04-08,123
962,950,2022-10-02,734
963,1726,2021-02-16,575
964,2313,2021-06-04,435
965,2657,2021-10-11,502
966,1428,2019-07-20,293
967,2140,2023-02-12,228
968,761,2022-08-23,636
969,4274,2020-07-14,728
970,2537,2021-02-19,237
971,144,2020-02-17,208
972,106,2022-02-19,469
973,2306,2022-06-04,442
974,1610,2022-04-09,445
975,2621,2022-05-04,318
976,354,2022-06-03,415
977,51,2020-08-15,607
978,828,2021-04-13,432
979,2101,2020-02-05,543
980,1894,2022-03-31,402
981,4464,2023-01-14,444
982,2698,2022-10-04,525
983,3480,2023-03-01,672
984,267,2022-07-16,671
985,3680,2020-01-26,647
986,1376,2022-11-23,654
987,2423,2022-08-07,330
988,890,2019-10-18,710
989,3612,2022-08-23,317
990,1022,2020-07-15,225
991,878,2020-12-17,132
992,2944,2021-03-21,744
993,360,2021-05-03,364
994,3560,2020-10-27,704
995,4259,2019-12-10,381
996,245,2020-02-15,311
997,1479,2022-06-11,426
998,1010,2022-12-31,409
999,4184,2020-09-03,728
1000,2404,2022-04-17,463
1001,1057,2021-02-20,144
1002,2038,2019-08-02,730
1003,3291,2020-06-18,477
1004,1840,2019-09-07,495
1005,1985,2019-10-04,634
1006,3942,2021-10-12,415
1007,1102,2019-07-10,410
1008,1789,2021-08-21,100
1009,1379,2022-02-14,377
1010,1684,2022-08-02,529
1011,4015,2021-12-10,463
1012,3281,2020-12-31,731
1013,3025,2021-03-12,122
1014,3822,2021-06-07,657
1015,2847,2019-11-13,421
1016,4355,2023-01-12,355
1017,919,2022-12-20,704
1018,963,2023-02-24,588
1019,1933,2023-04-24,440
1020,6,2022-07-27,307
1021,4203,2022-10-11,710
1022,2259,2022-02-09,396
1023,2443,2022-01-13,228
1024,431,2019-07-08,246
1025,3542,2022-01-30,670
1026,1817,2020-08-03,700
1027,617,2023-04-17,220
1028,1964,2021-09-14,214
1029,2884,2020-06-12,293
1030,2307,2022-06-12,195
1031,161,2019-08-23,491
1032,3442,2019-10-26,535
1033,1059,2019-07-19,476
1034,3385,2022-05-31,477
1035,2067,2023-03-10,693
1036,1696,2020-03-18,750
1037,651,2021-04-08,170
1038,1332,2020-07-12,611
1039,2653,2022-12-21,295
1040,3501,2023-04-20,712
1041,144,2022-10-15,173
1042,744,2019-08-27,315
1043,3378,2020-08-21,422
1044,718,2020-01-08,161
1045,3205,2020-03-09,225
1046,1111,2021-09-08,540
1047,3361,2022-06-12,436
1048,3891,2022-01-14,144
1049,1026,2022-10-03,289
1050,4399,2020-10-20,342
1051,876,2020-12-12,378
1052,1132,2019-10-03,640
1053,2133,2021-09-21,173
1054,3307,2020-02-04,395
1055,1169,2022-10-23,716
1056,762,2022-11-29,503
1057,1532,2021-10-16,598
1058,27,2022-08-31,264
1059,1979,2023-06-19,434
1060,3671,2021-11-11,710
1061,2417,2022-05-25,516
1062,2906,2020-04-01,167
1063,965,2019-12-06,235
1064,97,2021-04-11,492
1065,3754,2021-09-19,248
1066,981,2023-04-22,472
1067,3833,2019-10-23,533
1068,1156,2021-08-03,629
1069,3616,2019-09-09,458
1070,2925,2023-03-19,398
1071,1066,2021-11-27,668
1072,3627,2020-08-08,272
1073,3634,2023-06-20,475
1074,682,2022-12-26,275
1075,3478,2023-06-17,472
1076,726,2021-03-04,386
1077,1130,2022-06-17,611
1078,321,2020-09-12,393
1079,1233,2020-11-26,746
1080,3315,2021-07-24,321
1081,314,2022-09-03,188
1082,2685,2019-10-25,708
1083,3492,2022-07-26,337
1084,3189,2019-12-11,448
1085,4151,2019-09-12,690
1086,3668,2023-05-22,539
1087,3343,2022-05-29,587
1088,1894,2022-09-15,524
1089,4174,2020-02-10,300
1090,1074,2022-10-28,609
1091,584,2023-01-07,587
1092,941,2022-09-09,293
1093,3580,2023-04-04,709
1094,2512,2020-04-15,498
1095,895,2019-12-16,178
1096,3743,2020-05-15,207
1097,3556,2022-03-25,106
1098,1309,2022-09-17,538
1099,1799,2021-08-10,397
1100,2057,2022-11-10,353
1101,1333,2021-04-08,260
1102,3911,2021-02-04,328
1103,3846,2023-01-18,673
1104,3808,2021-08-31,463
1105,3486,2020-08-01,171
1106,2491,2021-09-30,471
1107,3669,2020-08-02,106
1108,1058,2020-11-01,120
1109,3970,2020-02-14,468
1110,1631,2021-02-24,469
1111,270,2020-07-31,749
1112,3329,2021-10-22,131
1113,2166,2023-03-27,717
1114,3962,2022-11-18,505
1115,1446,2022-06-05,565
1116,2354,2020-04-30,351
1117,1058,2021-03-08,371
1118,475,2023-03-28,667
1119,4005,2021-07-04,726
1120,4278,2020-05-11,110
1121,3168,2021-06-06,455
1122,3148,2020-01-21,378
1123,3797,2023-05-11,232
1124,3981,2019-10-16,541
1125,1273,2022-04-22,141
1126,3396,2023-01-05,344
1127,1338,2019-08-01,162
1128,1067,2022-05-29,642
1129,3254,2022-11-05,622
1130,2433,2022-08-27,122
1131,2977,2019-10-08,262
1132,1028,2019-08-22,645
1133,4475,2019-09-15,293
1134,2391,2019-10-11,678
1135,3619,2022-05-05,422
1136,3048,2023-03-07,340
1137,2691,2020-04-17,207
1138,1834,2021-09-26,156
1139,1988,2020-10-25,682
1140,2877,2022-01-29,400
1141,2228,2023-06-22,142
1142,3842,2019-08-30,601
1143,4228,2021-03-21,270
1144,3749,2020-07-07,423
1145,4247,2021-12-20,443
1146,153,2021-11-01,364
1147,3547,2023-03-11,119
1148,2277,2019-11-07,716
1149,146,2021-10-15,372
1150,2363,2022-10-05,332
1151,4239,2020-01-22,602
1152,1780,2021-03-10,520
1153,3572,2022-07-15,369
1154,3541,2021-04-21,656
1155,1865,2020-06-02,241
1156,1475,2023-03-16,541
1157,4149,2020-06-27,518
1158,1637,2021-04-04,239
1159,2285,2023-05-17,141
1160,3964,2021-08-29,272
1161,4228,2023-05-14,382
1162,1410,2022-07-06,253
1163,2456,2022-08-09,429
1164,1126,2022-08-16,448
1165,2003,2023-04-05,325
1166,751,2020-02-26,427
1167,1237,2021-07-21,216
1168,2562,2022-04-15,627
1169,2522,2021-10-03,324
1170,3402,2021-12-03,727
1171,959,2020-01-24,572
1172,4485,2022-08-05,374
1173,708,2020-03-30,423
1174,3820,2021-09-03,427
1175,4432,2021-06-14,278
1176,721,2021-06-28,285
1177,1993,2022-08-16,137
1178,923,2020-01-18,449
1179,2313,2020-01-29,240
1180,85,2021-06-28,258
1181,3592,2023-03-24,376
1182,4114,2023-06-05,482
1183,876,2022-02-25,294
1184,2868,2021-07-09,512
1185,419,2020-03-10,103
1186,2671,2023-05-07,510
1187,1543,2023-03-26,432
1188,3281,2020-09-15,412
1189,2971,2021-11-16,326
1190,2653,2022-06-24,739
1191,4226,2021-06-14,261
1192,476,2021-07-16,414
1193,2644,2021-10-23,340
1194,1927,2021-06-28,538
1195,397,2022-05-08,337
1196,1982,2022-01-22,743
1197,2406,2019-12-13,466
1198,445,2020-07-10,700
1199,557,2019-07-24,661
1200,1983,2022-08-07,235
1201,3789,2022-10-01,397
1202,974,2020-03-18,176
1203,3350,2021-01-12,703
1204,3197,2020-12-20,454
1205,3193,2022-04-12,529
1206,1980,2021-08-22,364
1207,4290,2022-02-16,379
1208,3145,2022-08-04,320
1209,3653,2022-05-02,203
1210,3336,2020-05-29,570
1211,493,2021-02-22,444
1212,316,2022-02-06,445
1213,1588,2022-06-02,394
1214,2999,2022-11-11,717
1215,1134,2020-06-29,511
1216,2878,2019-11-11,346
1217,836,2021-01-20,265
1218,183,2021-05-28,640
1219,608,2021-12-20,301
1220,118,2021-07-09,131
1221,2786,2022-07-11,190
1222,285,2022-02-15,581
1223,466,2020-05-01,208
1224,3957,2020-04-13,255
1225,861,2021-07-11,623
1226,2725,2021-05-17,412
1227,686,2020-12-10,611
1228,1799,2022-01-28,138
1229,1365,2020-02-03,726
1230,2214,2023-03-22,215
1231,2640,2022-03-09,254
1232,885,2021-08-23,654
1233,3268,2021-07-26,744
1234,1294,2021-04-04,655
1235,1258,2020-10-07,131
1236,1643,2022-09-15,270
1237,58,2021-10-12,435
1238,2018,2023-04-18,110
1239,439,2019-08-16,127
1240,2677,2020-05-09,559
1241,236,2020-06-02,402
1242,3262,2020-09-07,554
1243,1965,2020-12-24,579
1244,3184,2023-03-27,358
1245,1696,2023-02-09,253
1246,2772,2020-12-11,327
1247,1504,2020-10-14,652
1248,3188,2022-11-08,598
1249,604,2020-07-16,357
1250,3316,2022-04-06,478
1251,1241,2020-01-22,636
1252,393,2021-10-03,286
1253,3111,2021-04-15,317
1254,2306,2019-09-06,424
1255,138,2022-03-23,638
1256,508,2022-10-22,448
1257,2516,2021-12-31,388
1258,4214,2023-06-01,432
1259,3468,2022-05-27,282
1260,3076,2021-08-21,723
1261,1923,2022-07-12,123
1262,3926,2020-12-27,323
1263,2579,2020-10-17,640
1264,4031,2020-07-15,312
1265,4082,2021-01-30,407
1266,1560,2021-01-02,629
1267,3999,2019-12-07,231
1268,1314,2022-12-07,430
1269,1267,2022-06-15,127
1270,927,2022-05-22,282
1271,1626,2019-09-12,384
1272,2066,2023-06-26,312
1273,3831,2020-09-29,580
1274,4157,2022-01-25,176
1275,2273,2021-03-27,225
1276,106,2021-03-05,424
1277,4066,2020-05-06,480
1278,4400,2023-04-24,330
1279,2445,2022-08-31,421
1280,2164,2022-04-07,508
1281,1667,2023-01-23,748
1282,1084,2020-08-24,743
1283,1405,2020-12-01,590
1284,538,2019-12-25,137
1285,431,2023-05-08,572
1286,2378,2020-01-25,672
1287,328,2020-10-12,675
1288,3601,2022-12-11,425
1289,118,2022-03-06,156
1290,2334,2021-11-28,478
1291,3594,2022-06-14,457
1292,4185,2021-01-15,196
1293,3619,2021-06-24,605
1294,4030,2021-03-20,485
1295,42,2020-12-22,644
1296,1770,2020-08-15,654
1297,3413,2019-09-15,140
1298,1107,2022-09-20,416
1299,2790,2023-03-19,125
1300,636,2021-03-11,471
1301,485,2020-05-27,709
1302,1223,2019-12-27,301
1303,421,2022-04-24,626
1304,3342,2021-02-22,279
1305,302,2022-08-21,289
1306,346,2022-02-26,623
1307,1578,2019-12-26,314
1308,2554,2019-09-18,423
1309,943,2023-03-17,367
1310,1158,2020-01-09,261
1311,2568,2020-02-13,187
1312,3142,2022-03-01,707
1313,683,2020-05-20,177
1314,2035,2020-04-17,687
1315,2560,2020-08-28,643
1316,2721,2022-02-18,723
1317,4333,2021-02-18,616
1318,3176,2020-10-31,202
1319,375,2022-08-10,683
1320,891,2021-06-01,717
1321,4222,2021-10-25,352
1322,798,2019-12-25,327
1323,1074,2023-05-05,386
1324,1462,2020-09-01,289
1325,3934,2019-09-06,570
1326,2046,2021-05-02,405
1327,2074,2023-02-24,366
1328,3000,2021-08-17,479
1329,3925,2022-02-11,679
1330,1478,2021-09-24,712
1331,4224,2019-07-07,682
1332,2111,2021-09-09,322
1333,1744,2019-08-11,546
1334,2441,2022-02-06,349
1335,2363,2019-08-11,739
1336,3141,2021-03-30,711
1337,2572,2020-08-12,117
1338,2161,2019-07-30,494
1339,1388,2022-11-29,249
1340,2060,2020-01-21,521
1341,1705,2022-06-17,330
1342,3453,2020-10-04,432
1343,1984,2021-02-14,263
1344,1516,2023-06-19,226
1345,984,2022-12-11,686
1346,3185,2019-07-27,728
1347,1448,2022-10-07,676
1348,3102,2020-02-01,623
1349,649,2020-06-25,618
1350,4465,2021-04-25,393
1351,3941,2021-11-09,680
1352,1865,2021-01-20,176
1353,2312,2022-02-19,148
1354,2414,2023-07-02,738
1355,3128,2021-04-21,724
1356,832,2022-04-25,501
1357,3456,2019-07-31,599
1358,3985,2023-02-10,661
1359,3809,2022-05-20,526
1360,379,2021-02-03,633
1361,3390,2022-03-24,114
1362,159,2020-06-06,379
1363,1876,2020-07-09,298
1364,2461,2021-01-29,306
1365,1177,2021-09-02,176
1366,940,2019-11-02,734
1367,635,2023-03-03,668
1368,3548,2022-03-04,501
1369,2552,2019-07-11,134
1370,2745,2023-06-09,304
1371,3141,2020-02-12,631
1372,3479,2020-09-19,229
1373,2052,2021-01-16,474
1374,812,2020-06-10,439
1375,3254,2022-09-07,394
1376,2771,2019-08-20,746
1377,62,2022-09-13,153
1378,4437,2020-07-17,183
1379,322,2021-11-17,217
1380,130,2021-03-04,661
1381,2395,2020-08-04,605
1382,251,2023-01-28,613
1383,1037,2022-12-25,455
1384,2449,2020-09-06,135
1385,1474,2020-10-04,245
1386,1689,2020-09-21,555
1387,2493,2020-07-30,330
1388,2318,2022-10-23,375
1389,2837,2020-12-15,252
1390,742,2022-03-15,414
1391,2676,2022-05-21,523
1392,1267,2023-04-08,671
1393,3752,2023-03-18,491
1394,173,2021-06-29,349
1395,3330,2023-03-17,141
1396,2363,2021-12-20,654
1397,647,2019-08-30,727
1398,4218,2022-08-01,123
1399,701,2021-09-11,298
1400,2233,2021-02-04,460
1401,352,2020-09-21,735
1402,98,2022-07-01,103
1403,203,2019-10-24,546
1404,678,2022-07-30,343
1405,1261,2020-11-22,126
1406,1353,2020-01-07,641
1407,536,2021-02-04,591
1408,4209,2022-03-17,548
1409,1089,2019-12-03,637
1410,2547,2020-03-30,520
1411,1620,2020-07-25,234
1412,1199,2020-10-27,569
1413,2307,2021-01-28,432
1414,1677,2021-08-27,516
1415,1856,2023-03-15,628
1416,3397,2022-04-05,490
1417,890,2023-02-13,170
1418,1970,2022-10-09,278
1419,2173,2021-09-11,513
1420,1598,2022-01-23,495
1421,2908,2020-01-10,563
1422,2662,2022-07-15,419
1423,2718,2020-10-28,629
1424,90,2021-09-09,248
1425,2324,2020-04-30,146
1426,154,2020-10-12,289
1427,2262,2021-05-01,424
1428,1504,2019-08-16,583
1429,3131,2023-02-14,234
1430,1949,2022-09-20,454
1431,1285,2022-08-13,594
1432,130,2020-01-02,709
1433,1856,2022-05-30,484
1434,3881,2019-12-21,573
1435,1727,2023-05-26,532
1436,3247,2021-11-10,294
1437,998,2023-01-21,743
1438,1421,2023-05-20,313
1439,4430,2020-06-12,440
1440,4462,2019-12-21,438
1441,3075,2020-09-29,213
1442,3853,2020-09-30,700
1443,2743,2020-07-09,569
1444,4330,2019-09-03,260
1445,2960,2021-06-29,519
1446,978,2021-01-13,697
1447,3457,2020-02-10,610
1448,1098,2021-10-02,655
1449,4069,2019-12-21,192
1450,144,2021-04-30,384
1451,947,2020-07-18,680
1452,984,2022-05-16,418
1453,75,2022-05-22,660
1454,859,2022-09-17,401
1455,1453,2022-12-21,315
1456,3679,2023-01-18,559
1457,1096,2019-11-28,201
1458,580,2021-11-06,699
1459,1320,2020-11-05,709
1460,4168,2022-10-21,461
1461,3697,2020-04-07,607
1462,3489,2022-03-26,517
1463,3493,2022-02-25,272
1464,2981,2022-08-03,237
1465,1656,2019-11-27,396
1466,2853,2022-02-06,364
1467,3555,2021-11-29,419
1468,2469,2021-01-15,690
1469,750,2022-03-18,390
1470,2998,2019-11-11,409
1471,1888,2020-12-25,276
1472,3046,2022-08-08,258
1473,3929,2022-04-11,489
1474,3062,2021-05-28,148
1475,535,2023-01-11,388
1476,1357,2020-02-16,228
1477,3024,2019-09-21,366
1478,935,2019-08-06,384
1479,882,2020-09-28,373
1480,4319,2022-01-02,424
1481,4055,2022-07-03,426
1482,1665,2021-06-08,669
1483,1998,2023-02-03,432
1484,1698,2023-06-16,462
1485,2985,2022-10-18,116
1486,2724,2020-01-05,474
1487,4289,2022-12-12,679
1488,1427,2023-02-05,368
1489,3008,2020-12-16,466
1490,1982,2019-12-16,246
1491,3097,2022-11-12,234
1492,22,2022-01-24,210
1493,385,2020-07-05,728
1494,987,2022-01-20,552
1495,3684,2021-12-16,142
1496,3911,2023-06-11,384
1497,33,2022-02-18,443
1498,731,2022-09-15,359
1499,2907,2020-08-12,275
1500,1423,2020-01-03,212
1501,2033,2021-10-09,334
1502,4336,2020-10-24,200
1503,4336,2021-10-04,296
1504,800,2022-11-16,522
1505,161,2019-09-30,110
1506,1266,2021-02-21,308
1507,269,2019-11-06,321
1508,4049,2021-06-12,425
1509,3308,2020-07-05,582
1510,2565,2023-05-19,174
1511,3383,2023-04-17,420
1512,366,2022-02-12,410
1513,1734,2022-03-18,554
1514,2191,2021-11-10,454
1515,3083,2023-02-25,159
1516,3541,2020-09-17,631
1517,3444,2020-06-05,174
1518,144,2021-12-05,689
1519,4099,2021-05-04,678
1520,1544,2023-02-25,476
1521,1117,2020-10-06,441
1522,4288,2022-07-11,714
1523,2412,2020-09-16,485
1524,1842,2021-01-03,654
1525,4007,2020-01-19,628
1526,1818,2020-06-15,199
1527,3977,2020-12-31,704
1528,3852,2023-02-18,675
1529,4498,2022-11-30,472
1530,2930,2020-08-05,349
1531,955,2022-11-14,462
1532,3871,2021-02-23,712
1533,1560,2020-12-25,362
1534,54,2021-08-15,352
1535,4498,2021-11-04,581
1536,3140,2021-07-30,332
1537,4154,2020-09-20,271
1538,1274,2021-03-18,674
1539,59,2021-02-28,275
1540,4122,2021-05-19,363
1541,1029,2021-06-12,699
1542,2635,2022-03-22,569
1543,3352,2020-02-04,278
1544,2971,2023-06-18,305
1545,2209,2021-12-31,712
1546,3665,2022-11-25,142
1547,3090,2022-12-31,718
1548,3836,2023-06-17,564
1549,4359,2021-01-07,236
1550,1714,2022-08-21,678
1551,1012,2019-07-24,545
1552,3004,2023-01-10,451
1553,3862,2021-08-04,593
1554,4449,2021-05-04,155
1555,3614,2022-04-11,287
1556,3236,2023-05-27,483
1557,1922,2022-11-17,679
1558,657,2020-07-08,479
1559,640,2019-10-13,115
1560,1915,2021-06-23,698
1561,3941,2021-06-28,419
1562,2165,2020-07-18,671
1563,184,2023-02-22,397
1564,1448,2020-06-25,175
1565,3403,2020-08-09,679
1566,3932,2021-02-17,266
1567,1385,2020-12-16,165
1568,3028,2020-02-04,315
1569,1897,2020-02-23,683
1570,3789,2019-08-15,228
1571,2213,2022-12-02,283
1572,2164,2019-09-17,526
1573,1568,2022-09-13,743
1574,721,2020-02-15,595
1575,3256,2023-02-27,413
1576,3479,2022-05-09,325
1577,4073,2022-12-15,348
1578,4300,2021-08-01,390
1579,1810,2021-08-15,201
1580,1659,2021-08-29,165
1581,4277,2020-05-18,465
1582,2518,2023-05-15,475
1583,3742,2020-05-16,322
1584,4478,2022-01-02,213
1585,2834,2020-07-23,652
1586,3089,2021-11-05,734
1587,1269,2022-07-30,146
1588,731,2020-06-19,371
1589,88,2023-04-21,610
1590,3407,2022-10-15,211
1591,3510,2020-11-27,678
1592,2581,2021-08-04,388
1593,4333,2020-09-08,366
1594,1369,2020-07-19,416
1595,1472,2020-06-13,477
1596,1683,2021-08-18,451
1597,1984,2022-04-24,611
1598,3968,2021-09-16,567
1599,3600,2020-06-26,508
1600,112,2020-03-11,564
1601,2231,2023-01-01,442
1602,453,2020-03-29,535
1603,2340,2020-05-25,635
1604,885,2022-05-02,291
1605,248,2021-08-05,201
1606,4093,2021-05-09,707
1607,752,2022-06-24,444
1608,4287,2022-05-22,423
1609,1406,2021-05-03,260
1610,3826,2022-01-22,588
1611,1926,2022-07-09,684
1612,3535,2023-02-13,345
1613,3882,2022-04-26,737
1614,142,2020-02-25,531
1615,4469,2022-09-28,233
1616,3303,2021-12-24,435
1617,286,2021-03-11,363
1618,221,2020-06-29,622
1619,2815,2020-02-28,385
1620,281,2022-07-07,740
1621,3439,2022-03-28,156
1622,3083,2023-02-08,256
1623,583,2020-05-28,324
1624,3487,2020-03-16,698
1625,2024,2021-12-09,534
1626,2209,2022-08-26,167
1627,4306,2022-07-22,281
1628,1983,2021-06-08,368
1629,4303,2021-02-15,278
1630,318,2022-11-18,173
1631,411,2020-07-26,527
1632,1743,2022-09-05,249
1633,1748,2020-08-29,255
1634,1240,2020-08-15,496
1635,632,2022-06-24,189
1636,2650,2021-10-11,218
1637,1807,2022-06-11,548
1638,136,2020-10-20,263
1639,3522,2022-05-21,509
1640,2543,2023-03-18,333
1641,1608,2020-05-31,708
1642,535,2021-11-07,157
1643,824,2021-11-13,706
1644,1449,2023-02-14,571
1645,3365,2022-09-04,151
1646,2949,2020-06-07,258
1647,702,2023-04-13,462
1648,1461,2022-11-26,140
1649,1579,2021-02-02,407
1650,3297,2019-11-04,546
1651,1046,2023-01-20,712
1652,1633,2020-12-21,674
1653,3960,2022-10-28,437
1654,3834,2021-05-17,258
1655,2875,2020-01-28,510
1656,644,2020-03-13,649
1657,3319,2023-03-10,322
1658,4434,2020-10-22,579
1659,4310,2019-09-01,555
1660,4377,2019-11-20,337
1661,2881,2022-08-17,390
1662,1788,2022-10-22,370
1663,3565,2020-10-17,313
1664,70,2022-07-03,109
1665,2995,2021-05-28,630
1666,4385,2019-10-04,231
1667,1830,2022-10-07,452
1668,2732,2019-07-21,466
1669,917,2020-07-22,564
1670,221,2023-01-18,424
1671,1795,2021-02-06,604
1672,208,2020-02-28,147
1673,373,2022-04-24,373
1674,2204,2023-07-05,293
1675,3749,2023-05-09,306
1676,1834,2022-07-09,745
1677,1857,2022-04-05,240
1678,942,2021-10-29,135
1679,461,2019-11-29,543
1680,872,2022-04-23,403
1681,543,2020-07-03,524
1682,1718,2019-11-27,161
1683,3394,2021-01-05,609
1684,1547,2020-06-10,471
1685,1302,2019-08-02,570
1686,1256,2022-01-28,248
1687,392,2022-08-03,203
1688,1355,2019-08-08,538
1689,2939,2022-10-03,410
1690,3462,2020-12-24,112
1691,4280,2021-06-19,351
1692,2347,2021-05-22,606
1693,3471,2021-04-03,579
1694,518,2022-07-19,721
1695,749,2020-07-28,212
1696,4382,2020-06-08,444
1697,419,2019-08-28,464
1698,229,2020-04-12,245
1699,129,2022-03-19,644
1700,2831,2023-04-06,397
1701,3035,2021-10-01,285
1702,4047,2023-01-01,382
1703,1772,2019-08-17,585
1704,1828,2020-11-12,722
1705,3521,2021-03-02,346
1706,3554,2021-06-10,513
1707,3671,2021-08-30,591
1708,3362,2022-07-09,225
1709,76,2023-05-13,202
1710,2414,2021-04-08,475
1711,1537,2022-03-23,678
1712,3917,2022-03-20,469
1713,3048,2020-03-28,471
1714,2404,2021-01-28,685
1715,443,2020-08-29,291
1716,3566,2022-04-05,124
1717,2151,2022-10-05,114
1718,630,2021-03-29,239
1719,1752,2022-01-09,232
1720,328,2020-02-12,482
1721,3144,2020-05-13,461
1722,1715,2020-12-09,212
1723,2747,2019-08-24,121
1724,543,2023-03-07,670
1725,3345,2022-06-29,508
1726,1575,2021-06-20,483
1727,3693,2023-01-12,192
1728,427,2021-04-20,738
1729,3958,2020-04-27,486
1730,394,2020-01-14,168
1731,830,2019-10-01,172
1732,4290,2022-07-10,149
1733,2555,2020-05-31,343
1734,187,2021-09-01,325
1735,1188,2020-12-01,377
1736,226,2023-02-13,479
1737,2312,2023-05-11,134
1738,269,2022-06-29,424
1739,1849,2022-03-20,567
1740,1095,2021-09-29,322
1741,2549,2023-02-25,324
1742,3057,2020-05-23,737
1743,33,2019-08-29,167
1744,2195,2022-12-15,696
1745,2990,2020-11-24,383
1746,3905,2023-01-20,355
1747,2907,2022-03-25,214
1748,3502,2023-04-02,224
1749,239,2020-04-17,259
1750,467,2022-12-07,441
1751,3541,2023-05-17,317
1752,1948,2021-11-28,308
1753,1062,2023-06-02,439
1754,241,2020-02-13,129
1755,1456,2021-07-12,352
1756,2864,2023-03-17,552
1757,2086,2022-08-10,387
1758,1548,2022-10-27,498
1759,2064,2020-11-20,748
1760,3148,2020-01-30,148
1761,4460,2022-12-12,375
1762,3283,2022-03-17,331
1763,983,2019-11-30,564
1764,138,2022-05-10,741
1765,3463,2022-06-06,315
1766,473,2023-05-01,430
1767,3965,2019-08-31,466
1768,795,2023-02-20,450
1769,3688,2021-07-21,440
1770,2713,2020-05-29,257
1771,195,2020-12-02,742
1772,721,2022-02-13,609
1773,2474,2020-12-17,734
1774,2802,2021-10-06,354
1775,3062,2023-03-31,150
1776,2000,2021-11-07,426
1777,1050,2021-02-24,598
1778,2800,2020-11-17,344
1779,2597,2023-03-26,266
1780,158,2022-04-12,650
1781,3069,2019-10-29,498
1782,2059,2021-01-31,524
1783,4167,2022-03-23,421
1784,2069,2022-06-12,268
1785,1945,2021-05-27,562
1786,4453,2022-02-03,514
1787,2077,2020-12-28,211
1788,1778,2022-11-20,617
1789,3490,2021-10-26,566
1790,3286,2021-01-03,327
1791,530,2023-01-31,455
1792,1252,2022-12-12,313
1793,4275,2019-07-27,666
1794,633,2023-02-05,213
1795,2598,2022-11-02,708
1796,1057,2022-05-07,503
1797,4118,2019-07-22,443
1798,2458,2019-10-31,396
1799,2168,2021-08-18,466
1800,3806,2021-01-11,670
1801,593,2019-07-10,559
1802,535,2020-10-29,345
1803,805,2021-05-02,342
1804,584,2020-08-06,193
1805,3745,2019-08-11,100
1806,4358,2019-12-20,153
1807,1246,2023-05-14,716
1808,3313,2019-12-07,372
1809,4304,2022-01-06,275
1810,4120,2022-09-13,573
1811,2849,2020-08-13,495
1812,322,2022-08-30,384
1813,4012,2023-01-20,732
1814,4011,2020-03-01,747
1815,173,2022-05-26,331
1816,3730,2022-01-24,273
1817,2931,2022-05-28,383
1818,153,2019-10-09,322
1819,2670,2021-03-24,319
1820,3498,2022-02-10,738
1821,2449,2021-04-02,538
1822,810,2022-06-25,500
1823,296,2023-04-18,317
1824,2178,2019-12-29,578
1825,1822,2019-12-25,191
1826,973,2022-02-12,635
1827,1058,2020-08-03,679
1828,2654,2019-11-21,383
1829,2075,2020-04-16,703
1830,106,2020-01-07,749
1831,3511,2022-09-08,686
1832,1254,2021-02-16,696
1833,1850,2022-02-02,124
1834,2179,2020-09-23,156
1835,3188,2021-02-25,679
1836,386,2022-02-18,125
1837,424,2020-06-05,574
1838,3787,2021-01-27,199
1839,619,2021-05-12,108
1840,2740,2019-09-16,207
1841,346,2021-04-25,398
1842,3970,2021-07-20,223
1843,797,2022-08-11,385
1844,3930,2021-11-03,496
1845,1882,2023-04-26,569
1846,835,2020-05-23,367
1847,1496,2023-04-26,301
1848,3282,2022-04-08,415
1849,2641,2021-10-30,560
1850,3639,2020-08-11,472
1851,427,2021-06-07,377
1852,1636,2019-07-12,320
1853,54,2020-05-03,142
1854,4193,2021-10-10,350
1855,4168,2020-03-26,674
1856,4374,2021-05-06,165
1857,3929,2022-03-13,128
1858,2729,2021-01-05,302
1859,1546,2019-10-31,629
1860,2800,2021-03-04,123
1861,3929,2021-06-05,116
1862,1225,2020-10-05,277
1863,564,2022-12-12,682
1864,854,2019-09-21,226
1865,3273,2020-04-09,184
1866,2626,2022-01-07,210
1867,3737,2022-03-06,149
1868,3018,2020-12-08,386
1869,313,2023-05-25,608
1870,1672,2022-07-28,145
1871,101,2021-10-03,597
1872,183,2022-08-14,419
1873,763,2020-06-04,135
1874,4344,2021-03-09,657
1875,1700,2020-10-27,338
1876,3780,2020-04-24,263
1877,4480,2020-06-20,417
1878,3212,2023-06-08,262
1879,1812,2019-07-15,490
1880,420,2023-02-13,442
1881,326,2022-08-14,347
1882,2989,2023-05-17,239
1883,2310,2019-09-03,322
1884,1282,2021-09-02,398
1885,3433,2020-01-14,227
1886,2017,2020-08-06,607
1887,4389,2022-06-27,602
1888,3093,2021-12-24,187
1889,1877,2020-11-10,270
1890,3484,2021-01-21,653
1891,2164,2020-05-03,373
1892,92,2023-05-13,174
1893,2754,2019-08-01,300
1894,1080,2021-12-06,177
1895,2845,2022-07-06,381
1896,1177,2022-05-24,424
1897,2352,2022-02-21,587
1898,736,2021-05-27,339
1899,696,2021-12-07,311
1900,2796,2022-10-14,433
1901,767,2019-07-26,427
1902,1078,2023-05-27,337
1903,2110,2020-05-20,689
1904,3727,2020-08-13,301
1905,2462,2021-12-14,600
1906,3733,2022-03-12,526
1907,4167,2023-03-29,311
1908,1342,2022-04-10,543
1909,398,2021-02-28,152
1910,4478,2023-06-23,564
1911,1521,2023-06-20,571
1912,3827,2022-02-03,210
1913,839,2022-10-08,125
1914,1711,2021-07-27,413
1915,4320,2020-07-20,429
1916,1128,2021-08-29,310
1917,4135,2019-09-18,451
1918,3716,2021-11-09,581
1919,1649,2021-06-18,474
1920,241,2022-12-19,431
1921,2557,2022-05-25,678
1922,3285,2022-07-20,353
1923,3972,2023-06-03,700
1924,2495,2023-01-25,569
1925,2821,2022-04-18,495
1926,1067,2020-09-05,585
1927,393,2020-07-17,265
1928,129,2020-03-07,586
1929,4258,2022-07-22,168
1930,4361,2022-09-12,575
1931,3027,2022-02-12,182
1932,2813,2020-02-23,673
1933,2193,2023-01-15,178
1934,1501,2021-03-27,103
1935,3343,2020-09-07,401
1936,1360,2020-05-19,589
1937,3310,2022-04-08,707
1938,3454,2023-06-19,451
1939,4391,2021-05-28,310
1940,1707,2019-10-01,148
1941,204,2021-12-01,604
1942,3898,2019-11-24,341
1943,674,2020-02-13,542
1944,2641,2022-09-20,746
1945,2649,2022-05-02,686
1946,1058,2021-01-12,479
1947,367,2021-08-11,216
1948,4412,2023-04-15,322
1949,1984,2022-08-20,611
1950,4439,2021-01-20,243
1951,1899,2020-09-13,230
1952,326,2019-12-15,465
1953,3613,2021-07-21,114
1954,1923,2023-04-17,659
1955,3272,2020-02-14,335
1956,4329,2019-12-16,216
1957,4463,2020-02-11,208
1958,866,2019-08-24,606
1959,192,2022-01-26,666
1960,4209,2020-07-01,591
1961,1409,2019-07-29,465
1962,1217,2022-05-04,411
1963,1356,2021-03-05,406
1964,2482,2020-06-01,601
1965,848,2023-07-02,298
1966,2612,2020-08-01,166
1967,1656,2021-01-29,649
1968,2347,2021-03-12,282
1969,2803,2020-04-29,650
1970,831,2022-10-02,648
1971,2307,2021-11-26,324
1972,4107,2023-01-24,534
1973,973,2021-10-22,741
1974,3742,2022-11-30,182
1975,2930,2021-12-19,538
1976,3018,2023-01-08,723
1977,4055,2021-04-04,228
1978,2302,2021-06-24,680
1979,664,2021-06-04,328
1980,287,2019-08-07,299
1981,223,2021-11-09,114
1982,2262,2021-05-31,709
1983,2477,2019-09-05,442
1984,770,2020-12-31,107
1985,2,2021-02-17,389
1986,4208,2020-03-05,323
1987,1156,2021-08-17,603
1988,4348,2020-06-05,124
1989,542,2021-11-16,194
1990,1955,2020-10-11,503
1991,2125,2019-09-16,261
1992,4024,2023-01-24,457
1993,1211,2023-05-15,477
1994,3364,2022-03-25,448
1995,1046,2020-12-01,128
1996,2229,2020-05-17,543
1997,1237,2021-02-01,634
1998,1192,2022-04-30,470
1999,2101,2023-05-29,529
2000,2483,2019-07-16,420
2001,4269,2020-07-14,314
2002,1710,2019-09-17,493
2003,3994,2021-11-21,496
2004,2250,2020-08-22,406
2005,3257,2022-03-18,332
2006,2132,2020-10-19,457
2007,2535,2020-02-02,399
2008,502,2022-11-12,690
2009,1003,2023-05-05,216
2010,3368,2023-02-20,375
2011,1088,2021-11-05,597
2012,1669,2020-09-11,193
2013,1441,2020-08-15,517
2014,89,2021-12-21,703
2015,3662,2019-07-30,377
2016,827,2021-08-13,681
2017,1025,2022-05-14,567
2018,790,2021-02-09,262
2019,1211,2020-07-18,467
2020,1295,2019-11-01,346
2021,211,2022-02-05,648
2022,3063,2022-07-14,345
2023,1487,2020-08-15,510
2024,1325,2020-12-25,649
2025,3619,2022-12-30,571
2026,281,2021-06-08,369
2027,174,2020-02-08,100
2028,4308,2023-06-07,703
2029,876,2020-09-25,149
2030,2924,2020-03-21,523
2031,4465,2019-10-24,708
2032,1732,2022-03-14,735
2033,826,2021-07-09,389
2034,302,2022-09-14,428
2035,4313,2022-08-14,702
2036,3097,2019-10-04,198
2037,1670,2020-07-09,158
2038,4202,2021-12-21,205
2039,1294,2021-06-02,509
2040,643,2021-06-22,622
2041,984,2019-09-17,149
2042,620,2023-04-11,398
2043,82,2020-08-08,620
2044,631,2019-09-27,643
2045,3105,2020-11-30,452
2046,83,2021-05-06,411
2047,544,2020-04-29,188
2048,2723,2022-04-28,343
2049,894,2021-12-03,543
2050,3731,2021-03-29,274
2051,213,2020-10-16,486
2052,1476,2021-02-04,372
2053,3275,2022-07-17,375
2054,3821,2022-09-30,446
2055,1391,2021-01-18,681
2056,3466,2019-11-28,290
2057,2010,2019-11-22,593
2058,4158,2020-08-28,638
2059,2766,2020-11-07,297
2060,481,2021-04-03,577
2061,4043,2021-11-21,701
2062,2019,2020-12-01,286
2063,3809,2020-01-27,627
2064,3352,2022-02-20,665
2065,3232,2021-08-03,516
2066,247,2019-08-17,117
2067,3561,2023-04-02,747
2068,3518,2020-11-01,633
2069,1029,2023-01-28,510
2070,1847,2020-03-13,344
2071,3233,2023-06-10,500
2072,379,2022-04-06,146
2073,319,2023-04-10,131
2074,1762,2021-10-25,271
2075,626,2023-04-02,717
2076,643,2022-05-18,246
2077,2458,2020-08-25,169
2078,4481,2021-02-16,184
2079,1467,2019-08-20,366
2080,470,2020-06-02,447
2081,3096,2021-04-12,187
2082,1852,2020-07-22,157
2083,2674,2023-04-24,473
2084,2325,2021-01-01,426
2085,3666,2019-08-09,630
2086,3465,2023-01-15,143
2087,2656,2022-06-17,683
2088,3301,2022-12-04,484
2089,1487,2022-12-26,194
2090,1129,2020-11-07,387
2091,2223,2020-05-05,735
2092,1302,2023-01-23,167
2093,1415,2019-12-10,235
2094,3130,2021-12-28,384
2095,877,2022-01-30,660
2096,3968,2021-08-25,179
2097,4237,2023-05-11,157
2098,20,2022-10-09,287
2099,3,2023-03-18,745
2100,692,2023-03-27,383
2101,102,2020-11-13,611
2102,2641,2021-12-30,451
2103,4439,2020-07-20,476
2104,3012,2022-03-03,140
2105,2663,2020-03-27,418
2106,1405,2022-04-28,659
2107,2135,2020-01-16,699
2108,1351,2022-07-07,421
2109,848,2021-05-18,173
2110,2993,2022-02-01,716
2111,3706,2022-07-12,183
2112,3451,2022-11-06,708
2113,23,2023-03-20,668
2114,2874,2021-03-09,276
2115,2433,2022-07-14,686
2116,3009,2019-10-05,142
2117,1941,2021-03-14,735
2118,3418,2023-06-15,451
2119,3844,2021-06-30,615
2120,1672,2023-01-25,552
2121,2954,2023-03-23,564
2122,4454,2022-03-08,413
2123,743,2021-10-16,438
2124,1940,2019-12-29,732
2125,2920,2021-11-23,198
2126,1686,2021-04-18,314
2127,2477,2021-04-19,524
2128,1624,2020-04-26,537
2129,3526,2021-07-26,701
2130,2911,2023-05-19,655
2131,948,2019-07-28,168
2132,1429,2019-10-16,532
2133,1049,2021-03-23,285
2134,1965,2021-06-11,394
2135,495,2019-10-12,320
2136,1931,2019-07-24,191
2137,1323,2019-07-25,106
2138,873,2021-11-02,564
2139,2895,2020-07-14,437
2140,1964,2022-12-29,498
2141,3364,2020-09-04,399
2142,1371,2020-05-23,730
2143,2762,2022-12-21,659
2144,4306,2022-06-07,505
2145,1607,2021-03-14,601
2146,2306,2023-06-20,519
2147,4380,2022-11-27,734
2148,1543,2022-08-02,465
2149,2565,2021-12-29,577
2150,1204,2020-12-31,262
2151,361,2021-03-09,360
2152,1012,2021-02-10,270
2153,1182,2020-11-25,455
2154,4481,2021-03-15,265
2155,922,2019-09-14,231
2156,878,2021-05-09,304
2157,4364,2021-01-14,194
2158,3491,2021-07-27,566
2159,3628,2020-01-06,533
2160,564,2020-11-27,500
2161,531,2020-07-10,576
2162,558,2021-05-16,414
2163,137,2022-04-01,427
2164,449,2021-06-15,557
2165,3374,2022-07-24,408
2166,2113,2021-01-06,277
2167,4299,2022-08-27,626
2168,1239,2021-08-01,702
2169,1168,2021-07-12,279
2170,2194,2023-04-02,711
2171,3023,2022-03-08,338
2172,2619,2023-01-23,735
2173,3811,2020-05-21,200
2174,1311,2021-11-15,575
2175,3520,2023-05-13,109
2176,3629,2021-03-14,470
2177,1633,2019-09-15,634
2178,3193,2021-08-01,349
2179,4400,2019-07-17,543
2180,3491,2021-03-02,658
2181,3477,2022-02-27,712
2182,2479,2023-04-26,300
2183,1385,2021-06-26,622
2184,2326,2021-05-23,284
2185,4392,2021-11-17,734
2186,662,2020-10-05,476
2187,1633,2022-12-01,646
2188,1051,2021-01-27,680
2189,2448,2021-12-31,361
2190,3042,2022-10-22,194
2191,192,2021-03-18,243
2192,4352,2020-10-02,119
2193,3530,2020-08-26,333
2194,2573,2020-06-26,453
2195,4349,2023-01-20,418
2196,4086,2019-09-14,580
2197,2619,2022-07-19,335
2198,4138,2020-01-01,472
2199,3544,2022-04-10,643
2200,4445,2022-05-30,601
2201,228,2021-05-15,438
2202,2726,2020-07-26,226
2203,2682,2022-02-11,378
2204,2423,2020-08-21,130
2205,4330,2020-07-17,652
2206,51,2020-09-15,215
2207,746,2021-07-30,569
2208,847,2021-08-22,476
2209,2698,2020-04-27,549
2210,3827,2019-08-23,359
2211,3003,2023-01-26,285
2212,336,2022-07-04,373
2213,1018,2023-02-16,408
2214,2079,2021-11-01,249
2215,2685,2020-01-25,743
2216,78,2021-01-15,126
2217,378,2020-04-19,327
2218,2205,2022-08-20,558
2219,572,2020-10-01,229
2220,2641,2020-08-02,277
2221,816,2022-05-14,518
2222,3065,2019-12-27,235
2223,30,2022-01-08,557
2224,926,2023-07-04,163
2225,1704,2020-12-08,447
2226,3923,2021-09-14,315
2227,1437,2023-03-18,427
2228,544,2019-09-10,322
2229,2586,2020-12-07,511
2230,1166,2021-11-02,335
2231,4338,2019-08-15,661
2232,236,2019-12-21,513
2233,2259,2020-07-10,715
2234,2187,2021-04-16,654
2235,1975,2020-07-17,566
2236,1846,2019-11-02,654
2237,2527,2022-04-15,130
2238,1116,2020-10-03,657
2239,2427,2022-07-15,194
2240,3862,2022-01-28,339
2241,4393,2020-06-15,479
2242,2946,2020-06-19,428
2243,4019,2023-06-02,376
2244,4167,2020-11-20,274
2245,3485,2020-03-04,433
2246,3561,2020-10-04,351
2247,2576,2021-11-08,645
2248,4355,2020-10-26,408
2249,2280,2020-05-19,390
2250,2266,2020-05-14,556
2251,2117,2022-01-24,504
2252,2509,2022-09-30,112
2253,1366,2020-05-31,651
2254,1368,2021-01-15,372
2255,840,2019-10-17,398
2256,3329,2020-07-06,479
2257,1074,2020-08-22,235
2258,1330,2022-08-01,254
2259,2914,2022-12-31,313
2260,3217,2020-06-29,196
2261,4143,2022-07-05,495
2262,1276,2021-06-05,644
2263,853,2022-05-04,728
2264,4082,2019-08-27,670
2265,2170,2021-01-29,437
2266,2059,2020-03-04,698
2267,3794,2020-12-22,111
2268,3169,2021-07-17,670
2269,1068,2022-10-18,647
2270,2778,2022-01-03,200
2271,1043,2021-02-22,344
2272,2193,2021-06-30,240
2273,1247,2020-04-11,112
2274,2087,2022-06-11,209
2275,3978,2021-11-05,669
2276,2727,2021-11-08,227
2277,4188,2022-08-11,502
2278,3298,2022-06-29,743
2279,1987,2021-12-18,502
2280,1715,2021-11-10,597
2281,2339,2021-10-16,441
2282,4392,2020-02-01,395
2283,1447,2020-01-22,298
2284,27,2020-02-04,618
2285,863,2021-12-29,213
2286,1031,2022-07-20,229
2287,3331,2019-10-29,438
2288,4411,2023-01-23,580
2289,12,2023-01-14,468
2290,3906,2022-12-26,270
2291,4069,2022-06-24,663
2292,1668,2023-06-19,726
2293,991,2023-05-21,456
2294,1987,2020-06-09,181
2295,2067,2020-10-06,204
2296,2593,2020-12-12,472
2297,2833,2023-02-12,486
2298,95,2023-03-06,739
2299,729,2021-09-28,745
2300,2326,2019-09-10,553
2301,2129,2021-04-05,119
2302,77,2020-12-15,676
2303,1908,2023-02-07,566
2304,1252,2020-05-29,646
2305,4123,2021-11-25,323
2306,893,2021-10-24,518
2307,2771,2023-04-19,742
2308,3984,2019-07-22,699
2309,719,2019-11-11,523
2310,1669,2023-01-29,730
2311,1477,2021-09-10,472
2312,3169,2020-03-15,586
2313,4425,2019-08-31,107
2314,3066,2022-02-08,530
2315,1016,2021-07-09,495
2316,228,2020-03-06,538
2317,2,2019-08-27,455
2318,4465,2021-10-15,304
2319,3222,2023-03-22,441
2320,976,2023-04-18,328
2321,2129,2019-09-29,185
2322,2043,2021-06-12,220
2323,386,2021-01-16,548
2324,3838,2021-03-17,381
2325,900,2022-09-30,681
2326,4399,2020-02-08,357
2327,3486,2022-05-30,143
2328,2795,2020-02-18,524
2329,239,2020-12-02,699
2330,4252,2022-08-11,481
2331,1543,2021-03-30,307
2332,2848,2021-04-30,700
2333,3195,2022-01-08,161
2334,2483,2023-02-04,340
2335,1313,2021-01-31,483
2336,4206,2023-01-21,716
2337,1955,2022-08-01,343
2338,2317,2021-08-22,156
2339,1161,2021-01-02,179
2340,1479,2022-09-03,630
2341,727,2019-09-02,282
2342,1214,2022-06-23,379
2343,300,2021-01-18,669
2344,30,2021-03-19,309
2345,1915,2020-02-25,259
2346,4069,2023-01-15,556
2347,324,2020-04-04,736
2348,3489,2019-12-06,215
2349,3130,2022-07-02,334
2350,2117,2020-12-13,536
2351,4032,2022-06-20,512
2352,3599,2019-12-23,207
2353,510,2022-02-01,651
2354,4291,2022-11-28,316
2355,3298,2022-01-06,665
2356,3321,2020-07-10,652
2357,2836,2022-02-24,458
2358,2279,2021-10-03,100
2359,4036,2023-05-08,673
2360,3457,2019-08-30,206
2361,593,2023-04-25,333
2362,2709,2020-02-26,541
2363,576,2022-01-07,274
2364,2043,2021-08-08,572
2365,3626,2022-04-30,178
2366,1402,2023-01-30,124
2367,1979,2020-07-16,377
2368,2426,2022-11-03,598
2369,3500,2022-01-22,650
2370,4139,2020-10-28,445
2371,3457,2022-07-29,256
2372,886,2021-02-25,685
2373,1129,2021-03-13,318
2374,4492,2019-12-20,587
2375,3544,2020-03-25,513
2376,2599,2019-07-14,309
2377,3484,2021-03-06,623
2378,2847,2022-05-20,413
2379,4485,2020-03-06,428
2380,1699,2021-09-17,267
2381,2848,2020-09-29,607
2382,4410,2021-08-21,508
2383,1946,2021-01-09,733
2384,773,2021-01-22,219
2385,4254,2022-04-11,511
2386,1094,2021-02-24,470
2387,3919,2019-11-10,105
2388,352,2021-11-10,291
2389,3739,2021-12-07,124
2390,3692,2021-10-03,157
2391,1045,2023-05-04,337
2392,1011,2022-11-25,355
2393,2131,2020-02-04,742
2394,1284,2020-01-30,451
2395,605,2022-10-27,466
2396,3313,2019-08-16,414
2397,1103,2021-05-27,473
2398,198,2023-05-03,358
2399,3943,2020-01-12,342
2400,292,2021-01-06,396
2401,3046,2023-01-17,483
2402,2457,2020-12-28,533
2403,4195,2022-12-03,538
2404,359,2020-10-27,575
2405,1,2022-05-14,585
2406,3919,2019-08-01,253
2407,249,2020-05-14,432
2408,1132,2021-02-21,177
2409,2035,2021-07-02,664
2410,3536,2022-11-29,256
2411,4313,2020-12-09,453
2412,2464,2022-04-26,325
2413,4457,2022-03-08,163
2414,4449,2021-06-02,671
2415,3977,2022-01-18,455
2416,738,2022-11-21,157
2417,2047,2022-07-02,314
2418,2200,2021-05-20,415
2419,2722,2021-01-19,258
2420,3832,2021-05-28,189
2421,699,2022-07-19,179
2422,2239,2021-04-24,288
2423,451,2021-03-22,452
2424,2446,2020-09-13,412
2425,3955,2020-05-04,266
2426,1104,2022-04-29,556
2427,422,2022-02-14,727
2428,972,2021-07-20,239
2429,3576,2021-07-23,185
2430,1862,2021-10-31,476
2431,2069,2022-05-14,523
2432,2961,2019-08-13,542
2433,588,2020-10-15,373
2434,2946,2023-05-20,219
2435,1790,2020-01-11,403
2436,20,2022-03-13,269
2437,101,2020-06-14,737
2438,1893,2019-12-27,261
2439,988,2022-08-13,355
2440,1363,2021-08-26,631
2441,3605,2020-04-23,553
2442,2158,2022-12-14,173
2443,3305,2023-06-18,185
2444,4025,2019-07-15,243
2445,655,2023-04-05,703
2446,3470,2021-01-16,681
2447,638,2020-08-06,682
2448,1152,2019-09-07,270
2449,597,2021-05-31,293
2450,1001,2020-12-20,575
2451,93,2020-12-04,343
2452,2639,2022-09-07,261
2453,171,2020-09-01,576
2454,2207,2022-03-27,179
2455,1129,2019-09-17,624
2456,3834,2022-01-21,356
2457,4069,2021-08-05,178
2458,2444,2021-07-07,545
2459,2560,2020-06-15,723
2460,2169,2023-04-08,419
2461,3735,2020-09-22,304
2462,560,2023-04-12,471
2463,1290,2021-02-24,465
2464,3309,2020-11-12,367
2465,957,2019-09-28,605
2466,4484,2020-09-22,169
2467,3652,2021-04-28,573
2468,875,2021-05-31,387
2469,544,2023-01-03,670
2470,4417,2020-05-22,108
2471,2051,2022-09-15,176
2472,3152,2022-02-22,110
2473,3913,2023-02-20,377
2474,1991,2020-01-28,286
2475,4129,2022-05-01,352
2476,128,2022-01-02,584
2477,1588,2023-06-28,166
2478,2748,2021-02-03,251
2479,2117,2023-06-20,231
2480,669,2019-07-24,189
2481,2829,2022-07-06,738
2482,990,2022-02-08,131
2483,674,2023-05-02,280
2484,1553,2023-01-03,704
2485,3414,2022-07-01,202
2486,766,2021-02-02,110
2487,3800,2020-08-25,216
2488,419,2019-07-06,666
2489,319,2019-11-16,343
2490,638,2022-04-30,507
2491,4237,2020-11-16,142
2492,1941,2022-05-08,134
2493,1209,2020-10-27,240
2494,1262,2020-12-14,562
2495,3066,2022-12-27,559
2496,3553,2020-05-07,483
2497,1171,2022-12-14,686
2498,2261,2020-05-29,213
2499,528,2023-02-01,689
2500,2688,2020-04-22,370
2501,605,2023-02-14,475
2502,179,2020-01-15,374
2503,4020,2023-02-04,642
2504,4137,2021-09-23,129
2505,327,2020-10-29,547
2506,1868,2021-12-18,664
2507,417,2019-12-04,543
2508,2095,2022-04-01,515
2509,129,2021-11-05,505
2510,4057,2019-09-08,712
2511,3885,2020-10-01,661
2512,146,2023-06-16,563
2513,1034,2020-08-22,154
2514,1084,2021-03-27,150
2515,3263,2023-04-07,110
2516,1531,2020-02-06,565
2517,3840,2022-08-26,211
2518,4361,2022-04-04,576
2519,1780,2021-11-14,327
2520,4399,2020-09-27,147
2521,2092,2021-05-30,539
2522,1191,2021-07-16,436
2523,3802,2022-09-19,285
2524,1967,2021-02-13,535
2525,482,2021-07-23,423
2526,2826,2020-03-16,247
2527,46,2020-05-06,112
2528,907,2020-04-06,578
2529,2407,2020-12-24,495
2530,1039,2022-05-25,719
2531,108,2022-12-31,238
2532,2881,2019-12-03,274
2533,1444,2021-04-04,715
2534,3368,2022-09-25,386
2535,659,2022-01-23,338
2536,1038,2023-01-22,469
2537,3303,2020-10-05,590
2538,4123,2021-08-09,238
2539,782,2021-07-08,418
2540,2898,2022-05-16,504
2541,689,2022-03-19,611
2542,1891,2023-04-09,661
2543,162,2022-03-06,394
2544,1377,2023-04-01,242
2545,542,2022-08-24,523
2546,439,2022-08-02,323
2547,253,2019-07-13,649
2548,48,2021-06-16,325
2549,742,2020-03-09,154
2550,3119,2023-04-14,575
2551,3015,2023-01-10,474
2552,722,2021-04-06,362
2553,609,2023-01-29,457
2554,2001,2021-08-04,106
2555,710,2023-01-10,270
2556,136,2022-12-23,644
2557,4027,2023-06-22,137
2558,3757,2021-10-03,231
2559,1761,2019-09-14,108
2560,2403,2022-07-28,174
2561,3835,2021-01-12,721
2562,1996,2020-11-06,282
2563,2927,2021-09-30,665
2564,143,2021-02-14,179
2565,3040,2020-06-25,545
2566,2060,2023-05-25,132
2567,3206,2021-04-23,279
2568,2501,2022-09-06,222
2569,2761,2020-06-16,427
2570,1535,2021-05-03,285
2571,4264,2022-11-12,743
2572,3634,2021-02-21,250
2573,1755,2023-06-01,604
2574,910,2019-09-16,464
2575,1261,2020-07-07,443
2576,1751,2019-12-05,605
2577,4035,2019-10-10,578
2578,99,2020-02-24,324
2579,2910,2022-03-15,574
2580,1903,2020-09-30,437
2581,2318,2020-12-25,159
2582,1229,2020-07-02,638
2583,1718,2019-08-09,326
2584,3990,2021-11-23,703
2585,3671,2020-12-22,249
2586,3350,2021-11-12,366
2587,4259,2021-02-22,434
2588,2280,2021-11-07,295
2589,1000,2020-10-10,744
2590,3320,2021-11-29,389
2591,3333,2022-04-15,441
2592,3803,2021-03-14,551
2593,2235,2019-12-14,516
2594,3344,2022-08-07,129
2595,656,2020-05-16,405
2596,1899,2022-03-30,734
2597,3223,2022-04-10,744
2598,3211,2020-03-31,169
2599,1597,2020-01-05,516
2600,1890,2023-03-10,269
2601,3776,2023-04-20,737
2602,3726,2022-10-04,720
2603,3599,2020-07-18,208
2604,3225,2021-05-21,260
2605,2821,2023-01-23,570
2606,990,2022-09-27,526
2607,3877,2020-01-15,261
2608,828,2022-12-05,550
2609,2621,2020-02-13,632
2610,4049,2021-01-03,343
2611,171,2022-12-14,665
2612,2306,2022-03-05,531
2613,3617,2020-05-31,258
2614,2754,2019-07-24,289
2615,1328,2021-09-02,535
2616,3670,2022-03-16,125
2617,4010,2021-08-04,443
2618,4403,2021-12-13,432
2619,4374,2021-07-19,283
2620,1500,2020-11-07,636
2621,561,2021-10-02,657
2622,1583,2022-03-12,750
2623,2368,2021-06-16,407
2624,2559,2022-08-09,209
2625,384,2020-08-22,571
2626,4279,2022-03-05,184
2627,1345,2021-06-17,238
2628,629,2022-01-09,406
2629,1186,2020-12-25,136
2630,174,2022-11-25,507
2631,3504,2021-03-30,734
2632,905,2021-06-08,690
2633,4362,2021-08-15,578
2634,2590,2019-12-22,750
2635,4233,2023-01-05,376
2636,1506,2021-11-08,503
2637,2616,2021-01-13,460
2638,585,2021-12-05,687
2639,1216,2023-04-21,252
2640,568,2023-01-13,389
2641,3084,2021-06-26,747
2642,241,2022-05-28,300
2643,394,2019-07-23,402
2644,1146,2020-12-05,119
2645,667,2020-11-12,395
2646,2107,2022-01-05,123
2647,4166,2022-03-03,669
2648,4073,2022-02-02,145
2649,109,2022-09-04,516
2650,3219,2020-01-06,424
2651,106,2019-12-09,472
2652,3776,2021-11-16,315
2653,1223,2023-03-25,330
2654,3134,2020-02-13,607
2655,4307,2022-10-17,664
2656,2495,2020-01-29,183
2657,984,2022-03-20,440
2658,899,2022-07-20,665
2659,455,2021-09-21,179
2660,322,2021-11-04,135
2661,2270,2020-11-13,653
2662,1325,2020-08-11,461
2663,1839,2019-11-13,565
2664,530,2021-03-18,338
2665,388,2021-02-20,663
2666,3313,2020-12-02,685
2667,2070,2022-05-30,743
2668,223,2022-02-09,687
2669,3469,2022-11-15,112
2670,3255,2019-12-29,699
2671,2314,2019-12-28,615
2672,2023,2020-11-09,211
2673,4375,2022-08-14,369
2674,2914,2020-09-09,187
2675,3869,2020-05-24,156
2676,651,2023-03-14,153
2677,3933,2022-07-30,266
2678,3844,2021-09-21,480
2679,198,2021-11-30,148
2680,1917,2022-12-16,338
2681,4278,2020-06-15,506
2682,1583,2020-08-04,458
2683,1176,2021-02-12,361
2684,417,2020-09-12,379
2685,3679,2023-03-18,594
2686,359,2020-11-07,439
2687,2374,2020-09-09,628
2688,2119,2021-01-17,510
2689,1069,2023-01-14,376
2690,840,2019-12-19,384
2691,1956,2019-12-11,251
2692,3251,2022-10-17,380
2693,1084,2021-08-12,116
2694,3798,2020-10-13,325
2695,2520,2020-12-07,742
2696,1667,2019-12-23,218
2697,2104,2022-07-12,655
2698,1279,2023-03-03,392
2699,450,2019-08-05,512
2700,1019,2020-09-30,624
2701,1982,2021-09-11,134
2702,4367,2022-10-13,152
2703,1274,2022-02-22,736
2704,3217,2020-02-08,604
2705,313,2022-04-19,437
2706,3889,2021-09-07,260
2707,4108,2020-06-21,593
2708,3948,2022-05-04,246
2709,2899,2021-11-02,610
2710,1318,2021-11-01,314
2711,514,2021-12-20,303
2712,1414,2021-11-06,444
2713,3444,2022-03-10,613
2714,3060,2021-09-28,225
2715,1062,2019-09-16,547
2716,79,2019-11-14,689
2717,1717,2022-07-16,380
2718,3575,2022-12-26,352
2719,1673,2022-10-03,690
2720,3185,2022-05-01,305
2721,4424,2022-02-23,219
2722,2936,2020-09-09,339
2723,2596,2022-05-10,263
2724,313,2021-11-16,170
2725,3759,2021-06-21,294
2726,602,2021-07-01,238
2727,1643,2020-06-05,249
2728,283,2022-05-14,255
2729,1655,2020-09-17,328
2730,3166,2021-05-23,242
2731,4284,2020-07-29,629
2732,805,2022-12-12,227
2733,2893,2020-03-02,701
2734,1181,2021-10-13,102
2735,3956,2023-05-17,733
2736,1535,2022-12-08,708
2737,1756,2022-08-29,702
2738,2316,2020-10-21,535
2739,4201,2019-11-19,668
2740,6,2019-10-25,274
2741,1214,2023-01-11,734
2742,2108,2023-04-22,358
2743,3318,2022-11-16,228
2744,4275,2022-06-23,183
2745,3340,2021-11-26,415
2746,3809,2022-04-03,190
2747,1252,2021-09-08,624
2748,3844,2022-10-26,324
2749,3115,2022-07-25,484
2750,3128,2020-06-18,183
2751,675,2021-04-28,315
2752,2606,2022-06-14,625
2753,227,2022-10-07,531
2754,1947,2022-09-21,117
2755,2090,2020-12-22,720
2756,2479,2019-09-06,565
2757,2699,2021-04-28,199
2758,411,2021-06-15,317
2759,2463,2023-02-02,529
2760,4122,2019-08-18,324
2761,2553,2023-04-17,293
2762,3622,2019-07-29,647
2763,1476,2021-05-01,371
2764,3050,2019-07-07,547
2765,2490,2023-05-07,190
2766,514,2023-03-10,406
2767,2592,2023-03-05,542
2768,629,2022-07-06,302
2769,4297,2022-09-28,328
2770,2872,2022-08-20,397
2771,2665,2022-10-22,400
2772,3729,2020-01-04,375
2773,3615,2021-03-23,134
2774,1155,2022-06-19,287
2775,345,2022-12-24,705
2776,661,2021-03-29,459
2777,66,2021-04-01,170
2778,1043,2019-09-16,274
2779,2829,2019-09-22,445
2780,4340,2023-01-02,264
2781,3235,2021-06-14,645
2782,4038,2020-04-25,256
2783,3004,2021-09-04,316
2784,904,2019-10-17,644
2785,4241,2021-01-07,673
2786,1520,2022-11-26,622
2787,2841,2020-06-23,600
2788,44,2021-01-12,636
2789,2808,2020-08-01,599
2790,1628,2021-08-10,327
2791,662,2019-12-31,114
2792,2632,2020-02-24,553
2793,1041,2022-05-26,125
2794,3028,2022-05-22,162
2795,1217,2022-04-01,118
2796,2609,2022-01-24,685
2797,290,2022-05-08,603
2798,2660,2022-02-10,151
2799,510,2023-04-27,341
2800,3369,2020-11-22,525
2801,1448,2019-09-28,717
2802,1334,2021-08-02,537
2803,809,2022-07-08,644
2804,4028,2019-10-08,195
2805,2085,2021-10-18,593
2806,3784,2021-05-23,128
2807,395,2022-06-01,645
2808,4089,2020-08-17,616
2809,1659,2021-06-02,499
2810,3893,2022-12-16,144
2811,3998,2021-07-25,733
2812,350,2022-01-23,549
2813,106,2019-07-06,128
2814,1236,2023-04-23,532
2815,2581,2020-06-25,658
2816,2328,2022-10-14,376
2817,2598,2023-02-13,615
2818,1869,2019-10-07,333
2819,36,2020-12-29,644
2820,1081,2023-02-12,122
2821,661,2020-12-30,525
2822,2946,2021-03-23,478
2823,4458,2021-07-12,443
2824,1225,2022-03-03,386
2825,3679,2021-05-10,224
2826,763,2021-11-27,693
2827,1756,2019-09-06,369
2828,291,2023-05-03,709
2829,1615,2022-01-16,695
2830,3069,2023-06-22,511
2831,2825,2022-05-23,402
2832,2464,2021-01-11,578
2833,3442,2022-05-27,495
2834,2936,2022-06-14,200
2835,1025,2022-07-22,743
2836,1109,2020-07-18,129
2837,2550,2020-09-16,714
2838,4270,2021-05-03,512
2839,3058,2022-10-08,153
2840,1804,2022-11-01,736
2841,2048,2019-08-12,717
2842,1070,2021-06-29,379
2843,560,2022-01-18,208
2844,163,2020-03-02,677
2845,3092,2021-08-15,663
2846,1736,2020-11-30,123
2847,2899,2020-08-07,412
2848,463,2020-04-07,690
2849,3644,2022-10-01,303
2850,2677,2020-08-14,591
2851,4292,2023-05-04,170
2852,2214,2023-05-09,501
2853,4178,2021-02-20,549
2854,2437,2022-12-30,627
2855,2036,2021-09-01,384
2856,1371,2021-12-18,449
2857,1205,2022-09-21,207
2858,1690,2023-05-21,150
2859,3188,2021-08-10,334
2860,2468,2021-10-14,594
2861,338,2023-02-18,198
2862,3705,2023-02-13,170
2863,2726,2023-05-08,229
2864,1893,2019-07-16,362
2865,2828,2021-09-15,157
2866,120,2021-05-29,629
2867,1520,2021-06-28,121
2868,2121,2020-09-06,622
2869,3170,2022-06-02,100
2870,2724,2023-01-30,427
2871,441,2021-07-04,321
2872,1757,2021-12-14,435
2873,4321,2021-04-29,390
2874,4403,2021-04-07,543
2875,2272,2022-10-20,317
2876,574,2023-04-21,373
2877,3155,2019-09-29,452
2878,4043,2022-02-07,604
2879,2578,2021-02-19,125
2880,2837,2020-12-14,558
2881,4185,2021-09-03,672
2882,4357,2019-10-01,400
2883,572,2021-02-04,601
2884,395,2019-12-19,550
2885,1754,2019-09-26,292
2886,198,2020-12-25,721
2887,2848,2021-07-26,398
2888,3683,2021-04-20,585
2889,613,2020-01-03,402
2890,3316,2022-09-08,230
2891,3545,2022-06-22,674
2892,4161,2022-07-01,435
2893,680,2023-01-10,458
2894,581,2022-08-18,554
2895,600,2020-10-19,395
2896,3119,2020-03-12,532
2897,2453,2022-10-03,369
2898,1612,2020-02-16,184
2899,3375,2022-11-27,338
2900,3796,2020-05-18,633
2901,4184,2020-03-10,227
2902,3362,2023-06-23,743
2903,1940,2023-01-19,486
2904,2715,2019-08-15,508
2905,3399,2023-05-26,322
2906,2470,2022-05-17,540
2907,1282,2020-08-17,619
2908,855,2022-11-09,555
2909,2066,2020-11-17,310
2910,2936,2022-12-25,486
2911,534,2021-03-29,727
2912,3522,2019-10-11,431
2913,2434,2022-05-04,135
2914,642,2020-06-16,235
2915,4313,2020-08-06,728
2916,66,2021-09-27,690
2917,978,2021-03-15,211
2918,416,2022-01-20,137
2919,260,2019-07-21,668
2920,3251,2022-12-22,620
2921,3734,2020-03-31,681
2922,1846,2019-09-27,719
2923,697,2023-07-03,344
2924,2509,2021-08-15,215
2925,3399,2019-07-24,413
2926,1728,2020-08-14,221
2927,2565,2023-06-01,363
2928,1483,2021-09-28,313
2929,3002,2019-09-30,156
2930,2961,2019-12-02,329
2931,3435,2019-08-16,180
2932,4466,2022-03-28,598
2933,2354,2022-06-12,687
2934,2465,2020-04-30,382
2935,2372,2021-12-28,405
2936,110,2022-11-20,344
2937,4103,2021-09-04,331
2938,632,2021-02-06,670
2939,4045,2022-01-24,485
2940,4090,2020-08-08,639
2941,1499,2023-02-05,608
2942,3382,2022-10-28,407
2943,3817,2021-07-26,204
2944,1629,2022-08-26,253
2945,1732,2020-02-12,316
2946,136,2020-07-31,100
2947,1480,2022-04-18,525
2948,3737,2020-10-15,477
2949,3919,2022-04-10,489
2950,2952,2022-06-08,303
2951,2333,2023-06-20,658
2952,2175,2021-09-18,643
2953,57,2019-12-26,167
2954,4393,2023-02-14,104
2955,1095,2022-09-24,271
2956,4051,2022-04-07,269
2957,3327,2021-11-17,383
2958,2116,2022-12-20,311
2959,2720,2020-06-24,109
2960,1641,2021-02-17,118
2961,4401,2020-10-07,372
2962,3005,2021-05-24,110
2963,1938,2020-10-02,141
2964,3253,2020-12-02,378
2965,3107,2020-03-07,624
2966,3724,2022-08-11,441
2967,4186,2023-05-01,397
2968,962,2019-09-21,742
2969,4171,2022-05-07,364
2970,1735,2022-09-19,345
2971,2975,2019-10-06,128
2972,2455,2020-05-22,177
2973,467,2021-10-04,457
2974,2376,2021-06-17,638
2975,4114,2021-11-20,553
2976,3136,2020-08-08,698
2977,1214,2022-03-21,368
2978,2859,2022-07-22,696
2979,1844,2020-07-04,301
2980,3599,2021-04-26,184
2981,4104,2023-05-25,387
2982,727,2021-08-30,682
2983,299,2021-11-22,268
2984,1612,2021-05-30,527
2985,4051,2020-06-30,740
2986,205,2021-01-06,468
2987,4297,2020-12-12,343
2988,501,2020-10-22,267
2989,2740,2022-02-04,480
2990,828,2019-08-18,510
2991,4149,2019-08-24,598
2992,615,2021-08-03,406
2993,2265,2020-12-12,454
2994,1615,2023-06-13,548
2995,3881,2021-08-31,133
2996,2068,2020-02-10,151
2997,2993,2020-08-21,583
2998,813,2019-11-10,532
2999,3178,2022-10-06,700
