1,2866,Fixed-rate,1069267,1994,2009,2069267
2,1909,Cashout,803331,2006,2021,1803331
3,185,Fixed-rate,988115,2002,2017,1988115
4,1633,Cashout,648309,2010,2025,1648309
5,57,Fixed-rate,694534,2021,2036,1694534
6,2908,Cashout,496882,2011,2026,1496882
7,1708,Fixed-rate,426329,1997,2012,1426329
8,2109,Fixed-rate,247411,1999,2014,1247411
9,2467,Cashout,122690,2002,2017,1122690
10,3492,Fixed-rate,614783,2007,2022,1614783
11,2864,Fixed-rate,750984,2006,2021,1750984
12,668,Cashout,913881,2016,2031,1913881
13,2462,Cashout,360321,2014,2029,1360321
14,1056,Fixed-rate,972485,2011,2026,1972485
15,1636,Fixed-rate,348111,2018,2033,1348111
16,882,Cashout,980422,1999,2014,1980422
17,1754,Fixed-rate,1062852,2013,2028,2062852
18,7605,Cashout,563096,2009,2024,1563096
19,322,Fixed-rate,231729,2017,2032,1231729
20,3599,Cashout,911081,1993,2008,1911081
21,394,Cashout,690103,2021,2036,1690103
22,628,Fixed-rate,498908,2011,2026,1498908
23,2096,Fixed-rate,307092,1998,2013,1307092
24,1683,Cashout,303794,2010,2025,1303794
25,2499,Fixed-rate,989050,1994,2009,1989050
26,1854,Cashout,922142,1997,2012,1922142
27,6125,Fixed-rate,599316,2018,2033,1599316
28,2281,Cashout,499809,2001,2016,1499809
29,2647,Fixed-rate,679014,2002,2017,1679014
30,922,Fixed-rate,833866,1999,2014,1833866
31,1767,Fixed-rate,567327,2019,2034,1567327
32,1946,Cashout,760254,2019,2034,1760254
33,2502,Fixed-rate,801361,2007,2022,1801361
34,286,Cashout,1020181,2012,2027,2020181
35,390,Cashout,638863,2008,2023,1638863
36,1528,Fixed-rate,192324,2009,2024,1192324
37,6965,Fixed-rate,1005259,2006,2021,2005259
38,1448,Fixed-rate,659013,2008,2023,1659013
39,2370,Fixed-rate,382548,1995,2010,1382548
40,1551,Fixed-rate,1029092,2002,2017,2029092
41,274,Fixed-rate,746624,2016,2031,1746624
42,2584,Fixed-rate,675491,2012,2027,1675491
43,1185,Fixed-rate,594261,2009,2024,1594261
44,2173,Cashout,104310,2003,2018,1104310
45,1936,Cashout,987703,1995,2010,1987703
46,2877,Cashout,142264,2018,2033,1142264
47,733,Fixed-rate,735889,2004,2019,1735889
48,1931,Fixed-rate,804094,2002,2017,1804094
49,2814,Fixed-rate,996300,2005,2020,1996300
50,97,Fixed-rate,980341,2014,2029,1980341
51,2418,Cashout,564849,2007,2022,1564849
52,1202,Fixed-rate,516203,2009,2024,1516203
53,345,Fixed-rate,215610,2018,2033,1215610
54,710,Cashout,580074,2000,2015,1580074
55,5825,Cashout,576659,2015,2030,1576659
56,1834,Fixed-rate,801216,2007,2022,1801216
57,3857,Fixed-rate,878088,1994,2009,1878088
58,1609,Cashout,148433,2001,2016,1148433
59,1544,Fixed-rate,181823,1994,2009,1181823
60,3491,Cashout,851068,2005,2020,1851068
61,3189,Cashout,333854,1997,2012,1333854
62,18,Cashout,670635,1996,2011,1670635
63,1075,Fixed-rate,692101,2009,2024,1692101
64,2958,Cashout,968761,2014,2029,1968761
65,4445,Fixed-rate,583908,1997,2012,1583908
66,1895,Cashout,937639,2014,2029,1937639
67,4725,Fixed-rate,671013,2018,2033,1671013
68,3319,Fixed-rate,543307,2014,2029,1543307
69,2312,Fixed-rate,359592,2003,2018,1359592
70,5045,Fixed-rate,769580,2011,2026,1769580
71,3221,Fixed-rate,686738,2017,2032,1686738
72,494,Fixed-rate,446327,2007,2022,1446327
73,468,Cashout,356928,2012,2027,1356928
74,1185,Fixed-rate,728231,2008,2023,1728231
75,3888,Cashout,1109181,2006,2021,2109181
76,1971,Cashout,962389,2000,2015,1962389
77,2039,Fixed-rate,682789,2018,2033,1682789
78,1907,Fixed-rate,1057681,2004,2019,2057681
79,4765,Cashout,678662,2004,2019,1678662
80,3432,Cashout,365490,1994,2009,1365490
81,2782,Cashout,917664,2012,2027,1917664
82,3413,Fixed-rate,360751,2015,2030,1360751
83,2782,Cashout,946641,1996,2011,1946641
84,2159,Cashout,105836,2002,2017,1105836
85,2686,Fixed-rate,584359,2014,2029,1584359
86,3066,Fixed-rate,118767,2019,2034,1118767
87,2809,Cashout,920040,2012,2027,1920040
88,3832,Fixed-rate,883666,2008,2023,1883666
89,2369,Fixed-rate,189480,2000,2015,1189480
90,1673,Fixed-rate,121361,2003,2018,1121361
91,3217,Fixed-rate,895092,2011,2026,1895092
92,994,Cashout,477429,2004,2019,1477429
93,3172,Fixed-rate,117660,2016,2031,1117660
94,993,Cashout,848016,2017,2032,1848016
95,741,Fixed-rate,374252,2012,2027,1374252
96,1054,Cashout,370256,2019,2034,1370256
97,247,Cashout,347334,1998,2013,1347334
98,1230,Cashout,419288,2003,2018,1419288
99,3447,Cashout,841133,1995,2010,1841133
100,1389,Fixed-rate,936232,2020,2035,1936232
101,196,Cashout,616837,2019,2034,1616837
102,769,Cashout,1081671,2004,2019,2081671
103,6365,Cashout,281429,2019,2034,1281429
104,2584,Cashout,768316,2015,2030,1768316
105,789,Cashout,902192,2011,2026,1902192
106,1666,Fixed-rate,451012,2013,2028,1451012
107,2369,Fixed-rate,884226,1994,2009,1884226
108,2784,Cashout,1090751,2015,2030,2090751
109,1342,Cashout,707343,2007,2022,1707343
110,306,Fixed-rate,472583,2021,2036,1472583
111,5045,Fixed-rate,823694,2019,2034,1823694
112,3439,Fixed-rate,192981,2010,2025,1192981
113,3914,Cashout,812584,1998,2013,1812584
114,1321,Cashout,994382,2012,2027,1994382
115,1399,Cashout,101247,2010,2025,1101247
116,3693,Fixed-rate,618332,1993,2008,1618332
117,445,Fixed-rate,851991,2020,2035,1851991
118,1548,Fixed-rate,718727,2007,2022,1718727
119,2071,Fixed-rate,529162,2013,2028,1529162
120,1331,Fixed-rate,858981,2017,2032,1858981
121,2493,Cashout,1048993,1993,2008,2048993
122,2554,Fixed-rate,976637,2006,2021,1976637
123,1295,Fixed-rate,848842,1997,2012,1848842
124,1178,Fixed-rate,750907,1998,2013,1750907
125,2312,Fixed-rate,715738,2007,2022,1715738
126,3007,Cashout,402537,2017,2032,1402537
127,1262,Fixed-rate,871431,1999,2014,1871431
128,3818,Cashout,261470,2018,2033,1261470
129,5665,Fixed-rate,499282,1994,2009,1499282
130,1593,Cashout,408034,1996,2011,1408034
131,2592,Cashout,219136,2018,2033,1219136
132,2733,Cashout,149693,2012,2027,1149693
133,1283,Fixed-rate,927940,2012,2027,1927940
134,2128,Fixed-rate,551710,2019,2034,1551710
135,4705,Cashout,405190,1994,2009,1405190
136,3163,Cashout,466821,2007,2022,1466821
137,3653,Fixed-rate,1093809,2016,2031,2093809
138,801,Fixed-rate,200328,1994,2009,1200328
139,1881,Cashout,189759,2021,2036,1189759
140,3386,Fixed-rate,176178,2004,2019,1176178
141,277,Cashout,1095938,2002,2017,2095938
142,597,Cashout,241560,2007,2022,1241560
143,729,Fixed-rate,622111,2021,2036,1622111
144,3062,Cashout,790400,2017,2032,1790400
145,1436,Cashout,738362,2012,2027,1738362
146,983,Fixed-rate,132260,2019,2034,1132260
147,99,Cashout,242512,1999,2014,1242512
148,3487,Cashout,730541,2019,2034,1730541
149,3728,Fixed-rate,697780,1994,2009,1697780
150,1049,Fixed-rate,753092,2020,2035,1753092
151,809,Cashout,212831,2011,2026,1212831
152,3456,Cashout,846248,1994,2009,1846248
153,209,Cashout,553156,2008,2023,1553156
154,3581,Fixed-rate,158584,2016,2031,1158584
155,2396,Fixed-rate,649346,2001,2016,1649346
156,3472,Cashout,375616,2003,2018,1375616
157,1016,Cashout,667239,1994,2009,1667239
158,3041,Fixed-rate,688878,1994,2009,1688878
159,3866,Cashout,298215,2020,2035,1298215
160,635,Fixed-rate,305984,2012,2027,1305984
161,1366,Cashout,492903,2008,2023,1492903
162,2475,Cashout,682138,1998,2013,1682138
163,2024,Cashout,262264,2002,2017,1262264
164,771,Cashout,161827,2017,2032,1161827
165,3581,Fixed-rate,368562,1993,2008,1368562
166,892,Cashout,583084,1998,2013,1583084
167,3859,Fixed-rate,914743,1999,2014,1914743
168,1001,Fixed-rate,509287,2019,2034,1509287
169,547,Fixed-rate,1084226,2005,2020,2084226
170,2725,Cashout,192884,1998,2013,1192884
171,3222,Fixed-rate,548700,2003,2018,1548700
172,2869,Fixed-rate,293458,2005,2020,1293458
173,3065,Fixed-rate,1040820,2005,2020,2040820
174,3639,Cashout,953666,2010,2025,1953666
175,3915,Cashout,794192,1996,2011,1794192
176,74,Fixed-rate,750699,2018,2033,1750699
177,2369,Fixed-rate,754402,1997,2012,1754402
178,539,Fixed-rate,203276,2012,2027,1203276
179,1526,Fixed-rate,1001122,2009,2024,2001122
180,883,Cashout,967145,2013,2028,1967145
181,3506,Fixed-rate,379171,2008,2023,1379171
182,1426,Fixed-rate,251721,2012,2027,1251721
183,1016,Cashout,645364,2013,2028,1645364
184,281,Fixed-rate,1000357,2007,2022,2000357
185,1818,Fixed-rate,240351,2006,2021,1240351
186,2765,Fixed-rate,151554,2017,2032,1151554
187,2687,Cashout,889433,2009,2024,1889433
188,1213,Fixed-rate,306141,2000,2015,1306141
189,1882,Fixed-rate,735074,2016,2031,1735074
190,207,Fixed-rate,885387,2019,2034,1885387
191,5825,Fixed-rate,176666,2001,2016,1176666
192,3322,Cashout,225577,2000,2015,1225577
193,3559,Fixed-rate,480756,2009,2024,1480756
194,408,Cashout,478485,1999,2014,1478485
195,1687,Fixed-rate,199464,2012,2027,1199464
196,3056,Fixed-rate,150008,2013,2028,1150008
197,3735,Fixed-rate,254417,2003,2018,1254417
198,1317,Cashout,367909,2011,2026,1367909
199,3025,Fixed-rate,877482,2003,2018,1877482
200,2369,Fixed-rate,705579,2014,2029,1705579
201,2857,Cashout,267458,2014,2029,1267458
202,981,Fixed-rate,271050,2016,2031,1271050
203,2186,Cashout,657460,1997,2012,1657460
204,2852,Cashout,730126,2007,2022,1730126
205,3847,Fixed-rate,1054418,2022,2037,2054418
206,441,Cashout,352507,2018,2033,1352507
207,2808,Cashout,667078,2017,2032,1667078
208,911,Cashout,165096,2017,2032,1165096
209,1406,Cashout,1050904,2010,2025,2050904
210,2738,Cashout,941324,2014,2029,1941324
211,739,Fixed-rate,587760,2018,2033,1587760
212,2591,Fixed-rate,1067227,1993,2008,2067227
213,3498,Fixed-rate,905050,2006,2021,1905050
214,1588,Fixed-rate,664284,2020,2035,1664284
215,222,Fixed-rate,284397,2011,2026,1284397
216,1108,Fixed-rate,905456,2016,2031,1905456
217,7525,Cashout,477056,1995,2010,1477056
218,111,Cashout,471647,2009,2024,1471647
219,3916,Fixed-rate,624951,1995,2010,1624951
220,130,Cashout,1042432,2004,2019,2042432
221,3777,Fixed-rate,320090,2003,2018,1320090
222,2533,Fixed-rate,162895,2010,2025,1162895
223,2352,Fixed-rate,911136,2013,2028,1911136
224,191,Fixed-rate,491756,2010,2025,1491756
225,2447,Cashout,402791,1999,2014,1402791
226,3968,Fixed-rate,819460,1999,2014,1819460
227,2028,Cashout,314504,1996,2011,1314504
228,3970,Fixed-rate,393613,2003,2018,1393613
229,1539,Fixed-rate,565566,2013,2028,1565566
230,3464,Fixed-rate,287450,1995,2010,1287450
231,2313,Cashout,865452,2007,2022,1865452
232,3233,Cashout,659747,2010,2025,1659747
233,978,Cashout,483729,2007,2022,1483729
234,1483,Cashout,333312,1998,2013,1333312
235,2773,Cashout,862835,2015,2030,1862835
236,2387,Cashout,105964,2011,2026,1105964
237,19,Cashout,145221,1995,2010,1145221
238,917,Cashout,414716,2001,2016,1414716
239,257,Fixed-rate,108303,2013,2028,1108303
240,3545,Fixed-rate,1009752,2015,2030,2009752
241,3604,Cashout,826472,1999,2014,1826472
242,2986,Fixed-rate,378191,1998,2013,1378191
243,599,Fixed-rate,530087,2019,2034,1530087
244,1999,Fixed-rate,869012,2000,2015,1869012
245,337,Cashout,726936,2008,2023,1726936
246,3096,Cashout,765068,2015,2030,1765068
247,1329,Cashout,813232,1999,2014,1813232
248,908,Fixed-rate,966371,2005,2020,1966371
249,1844,Cashout,482436,2007,2022,1482436
250,857,Cashout,156523,2002,2017,1156523
251,1390,Cashout,890296,2012,2027,1890296
252,434,Fixed-rate,566035,2018,2033,1566035
253,3093,Fixed-rate,938335,1996,2011,1938335
254,2181,Fixed-rate,876477,2002,2017,1876477
255,824,Fixed-rate,454945,2020,2035,1454945
256,655,Cashout,349499,2001,2016,1349499
257,3671,Cashout,286987,2016,2031,1286987
258,984,Cashout,980034,2003,2018,1980034
259,2449,Fixed-rate,752393,2003,2018,1752393
260,2409,Fixed-rate,848972,2012,2027,1848972
261,1910,Cashout,854218,2002,2017,1854218
262,6925,Fixed-rate,778657,2013,2028,1778657
263,2498,Cashout,549843,2004,2019,1549843
264,295,Cashout,360658,2014,2029,1360658
265,2214,Fixed-rate,767530,2008,2023,1767530
266,7325,Cashout,273541,2007,2022,1273541
267,1572,Cashout,885005,2010,2025,1885005
268,3938,Fixed-rate,295106,2018,2033,1295106
269,1094,Cashout,575058,1998,2013,1575058
270,3924,Cashout,267119,2002,2017,1267119
271,1872,Cashout,888725,2019,2034,1888725
272,3003,Cashout,237758,2000,2015,1237758
273,2004,Fixed-rate,912560,2003,2018,1912560
274,3463,Cashout,756999,2011,2026,1756999
275,3030,Cashout,619166,2011,2026,1619166
276,523,Cashout,783237,1995,2010,1783237
277,3688,Fixed-rate,726110,2003,2018,1726110
278,3912,Cashout,722029,2003,2018,1722029
279,917,Cashout,919800,2017,2032,1919800
280,1176,Cashout,168489,2020,2035,1168489
281,2889,Fixed-rate,202160,1999,2014,1202160
282,22,Cashout,996892,2011,2026,1996892
283,1339,Cashout,369236,2007,2022,1369236
284,314,Cashout,796415,1998,2013,1796415
285,821,Cashout,610442,2003,2018,1610442
286,2444,Fixed-rate,1058907,1994,2009,2058907
287,2262,Fixed-rate,494276,2007,2022,1494276
288,1384,Fixed-rate,281417,2016,2031,1281417
289,16,Fixed-rate,546204,2002,2017,1546204
290,2313,Cashout,286017,2019,2034,1286017
291,559,Fixed-rate,467858,2020,2035,1467858
292,1304,Fixed-rate,651897,2009,2024,1651897
293,441,Cashout,494899,1995,2010,1494899
294,3805,Cashout,900673,2005,2020,1900673
295,1116,Cashout,385360,2015,2030,1385360
296,3414,Cashout,1105869,2021,2036,2105869
297,2628,Fixed-rate,857391,2006,2021,1857391
298,703,Fixed-rate,873277,2020,2035,1873277
299,2142,Fixed-rate,501330,2003,2018,1501330
300,4745,Fixed-rate,345106,2021,2036,1345106
301,1052,Cashout,113300,2019,2034,1113300
302,1270,Cashout,354586,2021,2036,1354586
303,2201,Cashout,246263,1997,2012,1246263
304,2416,Fixed-rate,772493,2002,2017,1772493
305,3675,Cashout,989734,2012,2027,1989734
306,2877,Cashout,471140,2006,2021,1471140
307,3622,Cashout,991297,2001,2016,1991297
308,375,Cashout,556517,2012,2027,1556517
309,1746,Cashout,654357,1998,2013,1654357
310,2251,Cashout,1002296,2006,2021,2002296
311,3738,Cashout,1069396,2009,2024,2069396
312,205,Cashout,1031612,2014,2029,2031612
313,1749,Cashout,663681,2016,2031,1663681
314,2698,Fixed-rate,403360,2013,2028,1403360
315,352,Fixed-rate,273988,2003,2018,1273988
316,3788,Fixed-rate,187504,2010,2025,1187504
317,1002,Cashout,414124,2002,2017,1414124
318,1213,Cashout,270347,2016,2031,1270347
319,3370,Cashout,287344,2015,2030,1287344
320,3946,Fixed-rate,159126,2002,2017,1159126
321,1307,Fixed-rate,924004,2010,2025,1924004
322,1314,Fixed-rate,438825,2006,2021,1438825
323,1014,Cashout,279870,2009,2024,1279870
324,2707,Cashout,288803,2010,2025,1288803
325,3467,Cashout,1086553,1995,2010,2086553
326,2121,Fixed-rate,542070,2017,2032,1542070
327,1292,Cashout,941151,1994,2009,1941151
328,2143,Fixed-rate,778320,2003,2018,1778320
329,918,Cashout,1106004,2005,2020,2106004
330,3578,Cashout,230971,2021,2036,1230971
331,632,Cashout,150471,1994,2009,1150471
332,1630,Fixed-rate,1007957,2016,2031,2007957
333,2909,Fixed-rate,830731,1994,2009,1830731
334,3423,Cashout,454819,2009,2024,1454819
335,599,Cashout,336263,1995,2010,1336263
336,741,Fixed-rate,947352,2001,2016,1947352
337,1725,Cashout,616578,2008,2023,1616578
338,2101,Cashout,503953,2005,2020,1503953
339,3826,Fixed-rate,784482,2009,2024,1784482
340,1148,Cashout,177894,1998,2013,1177894
341,217,Fixed-rate,684392,2020,2035,1684392
342,5385,Fixed-rate,418790,2014,2029,1418790
343,1831,Fixed-rate,746631,2011,2026,1746631
344,963,Cashout,240779,2014,2029,1240779
345,2717,Fixed-rate,169286,2014,2029,1169286
346,1182,Cashout,401524,1996,2011,1401524
347,397,Cashout,868432,2018,2033,1868432
348,2666,Cashout,631123,2021,2036,1631123
349,3473,Fixed-rate,691007,2009,2024,1691007
350,2298,Fixed-rate,264568,2009,2024,1264568
351,3842,Cashout,692313,1994,2009,1692313
352,30,Cashout,168017,2012,2027,1168017
353,1994,Fixed-rate,857825,1998,2013,1857825
354,1095,Cashout,517922,1994,2009,1517922
355,3782,Fixed-rate,301632,2021,2036,1301632
356,1251,Fixed-rate,117381,2001,2016,1117381
357,574,Fixed-rate,921899,1995,2010,1921899
358,1917,Cashout,536902,2009,2024,1536902
359,3563,Fixed-rate,641955,1998,2013,1641955
360,5065,Fixed-rate,927211,2012,2027,1927211
361,2348,Fixed-rate,505733,2000,2015,1505733
362,2235,Fixed-rate,740376,2008,2023,1740376
363,1232,Cashout,1016190,2004,2019,2016190
364,2141,Cashout,1048074,1997,2012,2048074
365,2948,Fixed-rate,1010466,2003,2018,2010466
366,281,Fixed-rate,626776,2001,2016,1626776
367,587,Cashout,951336,1996,2011,1951336
368,3076,Cashout,257771,2002,2017,1257771
369,3870,Cashout,255710,1995,2010,1255710
370,3210,Cashout,385560,2002,2017,1385560
371,3209,Cashout,992946,2016,2031,1992946
372,3733,Fixed-rate,497889,1996,2011,1497889
373,2619,Fixed-rate,800899,2008,2023,1800899
374,3943,Cashout,454471,2015,2030,1454471
375,1481,Fixed-rate,986442,2001,2016,1986442
376,1111,Cashout,235716,2014,2029,1235716
377,1970,Cashout,766749,2007,2022,1766749
378,769,Fixed-rate,962001,1993,2008,1962001
379,1815,Cashout,917873,2021,2036,1917873
380,3685,Fixed-rate,351931,1996,2011,1351931
381,3108,Fixed-rate,684753,1999,2014,1684753
382,2677,Fixed-rate,499832,2019,2034,1499832
383,1198,Cashout,377718,2007,2022,1377718
384,2816,Cashout,523766,1997,2012,1523766
385,436,Fixed-rate,694072,2016,2031,1694072
386,1937,Cashout,932869,2013,2028,1932869
387,2279,Cashout,341488,2000,2015,1341488
388,2785,Fixed-rate,570079,2000,2015,1570079
389,1926,Cashout,593088,2019,2034,1593088
390,1027,Fixed-rate,1075539,2011,2026,2075539
391,1423,Cashout,251577,2013,2028,1251577
392,3064,Cashout,122562,2006,2021,1122562
393,330,Cashout,236041,2016,2031,1236041
394,1314,Fixed-rate,1003642,1994,2009,2003642
395,741,Fixed-rate,644187,2001,2016,1644187
396,1853,Cashout,722188,2006,2021,1722188
397,839,Fixed-rate,324452,2007,2022,1324452
398,3128,Cashout,1091919,2005,2020,2091919
399,1313,Fixed-rate,454095,1995,2010,1454095
400,843,Fixed-rate,1049184,2010,2025,2049184
401,22,Fixed-rate,482568,2001,2016,1482568
402,2531,Fixed-rate,914625,1993,2008,1914625
403,666,Fixed-rate,370503,2003,2018,1370503
404,2392,Fixed-rate,242498,2013,2028,1242498
405,506,Cashout,984055,1994,2009,1984055
406,2874,Cashout,550371,2010,2025,1550371
407,1006,Cashout,642205,2020,2035,1642205
408,793,Cashout,1060976,1997,2012,2060976
409,716,Cashout,667299,2006,2021,1667299
410,195,Fixed-rate,224293,2017,2032,1224293
411,2906,Cashout,189197,2009,2024,1189197
412,603,Cashout,795094,2009,2024,1795094
413,2150,Fixed-rate,296638,2003,2018,1296638
414,841,Fixed-rate,210035,2020,2035,1210035
415,297,Cashout,780062,2021,2036,1780062
416,2996,Cashout,735437,2009,2024,1735437
417,1443,Fixed-rate,480955,1999,2014,1480955
418,464,Fixed-rate,793419,2020,2035,1793419
419,1013,Cashout,505572,1997,2012,1505572
420,3176,Fixed-rate,615558,2020,2035,1615558
421,2482,Fixed-rate,820406,2015,2030,1820406
422,115,Cashout,671928,2020,2035,1671928
423,1182,Cashout,839502,2011,2026,1839502
424,3617,Cashout,725271,2013,2028,1725271
425,2271,Fixed-rate,993179,2010,2025,1993179
426,2085,Fixed-rate,831379,2019,2034,1831379
427,1553,Cashout,167195,2013,2028,1167195
428,330,Cashout,154961,1998,2013,1154961
429,861,Fixed-rate,340452,2022,2037,1340452
430,3467,Fixed-rate,1097790,1999,2014,2097790
431,750,Cashout,328056,1994,2009,1328056
432,1562,Fixed-rate,1058096,2009,2024,2058096
433,1164,Fixed-rate,521950,2016,2031,1521950
434,3297,Cashout,516721,2016,2031,1516721
435,81,Cashout,237127,2002,2017,1237127
436,884,Fixed-rate,497297,2009,2024,1497297
437,2481,Cashout,864461,1993,2008,1864461
438,764,Cashout,1037677,2016,2031,2037677
439,194,Fixed-rate,904614,2006,2021,1904614
440,655,Cashout,644710,2017,2032,1644710
441,3226,Fixed-rate,307516,1998,2013,1307516
442,3987,Cashout,144349,2009,2024,1144349
443,2938,Cashout,119049,2020,2035,1119049
444,1027,Fixed-rate,505048,2009,2024,1505048
445,4965,Fixed-rate,313543,2011,2026,1313543
446,3470,Cashout,153854,1999,2014,1153854
447,385,Fixed-rate,315234,2019,2034,1315234
448,938,Cashout,1066806,2004,2019,2066806
449,3667,Fixed-rate,1077520,1997,2012,2077520
450,2946,Fixed-rate,613394,2015,2030,1613394
451,1959,Cashout,544397,1996,2011,1544397
452,914,Fixed-rate,343797,2000,2015,1343797
453,1135,Cashout,241662,2003,2018,1241662
454,2715,Fixed-rate,544495,2002,2017,1544495
455,1764,Fixed-rate,512175,2004,2019,1512175
456,507,Cashout,1094826,2009,2024,2094826
457,2065,Cashout,218410,2005,2020,1218410
458,3586,Cashout,175594,2005,2020,1175594
459,2405,Fixed-rate,915159,2016,2031,1915159
460,2957,Cashout,1067314,2002,2017,2067314
461,533,Cashout,1090902,2016,2031,2090902
462,603,Fixed-rate,770513,2012,2027,1770513
463,2169,Fixed-rate,876407,2014,2029,1876407
464,1413,Cashout,635774,1993,2008,1635774
465,3665,Cashout,619938,2001,2016,1619938
466,3038,Fixed-rate,488293,2018,2033,1488293
467,415,Cashout,227894,1999,2014,1227894
468,2373,Cashout,790490,2013,2028,1790490
469,1249,Cashout,1107962,1999,2014,2107962
470,1143,Fixed-rate,402376,2013,2028,1402376
471,3356,Fixed-rate,937788,2020,2035,1937788
472,674,Fixed-rate,981075,2020,2035,1981075
473,3896,Fixed-rate,434152,2019,2034,1434152
474,810,Cashout,1023496,2010,2025,2023496
475,2275,Fixed-rate,469804,2010,2025,1469804
476,3923,Cashout,978149,2001,2016,1978149
477,1178,Cashout,175974,2016,2031,1175974
478,1167,Cashout,703610,2007,2022,1703610
479,3379,Fixed-rate,765871,2001,2016,1765871
480,1551,Fixed-rate,1085352,2001,2016,2085352
481,1730,Cashout,119580,2002,2017,1119580
482,2743,Cashout,306445,2003,2018,1306445
483,90,Fixed-rate,253491,1997,2012,1253491
484,1196,Cashout,883688,2010,2025,1883688
485,1532,Cashout,1034448,1998,2013,2034448
486,1151,Cashout,931377,2018,2033,1931377
487,2539,Fixed-rate,854276,2021,2036,1854276
488,6185,Cashout,531553,1999,2014,1531553
489,647,Cashout,263875,2014,2029,1263875
490,2632,Fixed-rate,718682,1999,2014,1718682
491,1825,Fixed-rate,1033396,2005,2020,2033396
492,3091,Fixed-rate,766732,2002,2017,1766732
493,2193,Fixed-rate,565706,2011,2026,1565706
494,3731,Fixed-rate,989146,2002,2017,1989146
495,2235,Cashout,517031,2012,2027,1517031
496,875,Fixed-rate,881200,2006,2021,1881200
497,1418,Fixed-rate,528285,2020,2035,1528285
498,1061,Fixed-rate,954012,2002,2017,1954012
499,2914,Cashout,187357,1996,2011,1187357
500,3642,Fixed-rate,274535,2008,2023,1274535
501,591,Fixed-rate,172644,2014,2029,1172644
502,3629,Cashout,1048737,2009,2024,2048737
503,4405,Cashout,281315,2020,2035,1281315
504,177,Cashout,1082108,2014,2029,2082108
505,2050,Fixed-rate,364885,1995,2010,1364885
506,3558,Fixed-rate,1080485,2006,2021,2080485
507,1399,Fixed-rate,543575,2007,2022,1543575
508,2194,Fixed-rate,366961,1996,2011,1366961
509,924,Fixed-rate,534277,2021,2036,1534277
510,2713,Fixed-rate,1077623,1997,2012,2077623
511,227,Fixed-rate,603222,2013,2028,1603222
512,1866,Cashout,143229,1994,2009,1143229
513,7225,Cashout,588141,2016,2031,1588141
514,735,Fixed-rate,360724,2002,2017,1360724
515,3898,Cashout,228560,1995,2010,1228560
516,1873,Fixed-rate,507358,2001,2016,1507358
517,589,Fixed-rate,620922,2015,2030,1620922
518,1211,Fixed-rate,204890,2021,2036,1204890
519,1745,Cashout,234523,2017,2032,1234523
520,2118,Fixed-rate,163087,2002,2017,1163087
521,942,Cashout,246588,2003,2018,1246588
522,53,Cashout,199311,1996,2011,1199311
523,3191,Cashout,136102,2008,2023,1136102
524,1149,Fixed-rate,700339,2006,2021,1700339
525,2027,Cashout,435850,1994,2009,1435850
526,3031,Cashout,834080,2012,2027,1834080
527,1671,Fixed-rate,1088054,2003,2018,2088054
528,3935,Fixed-rate,639960,2003,2018,1639960
529,1289,Cashout,998105,2000,2015,1998105
530,316,Cashout,858679,2013,2028,1858679
531,1854,Fixed-rate,956417,2007,2022,1956417
532,2727,Cashout,877849,2014,2029,1877849
533,3384,Cashout,620177,1999,2014,1620177
534,1778,Cashout,578269,2006,2021,1578269
535,3506,Fixed-rate,1037389,2002,2017,2037389
536,2956,Cashout,183690,1996,2011,1183690
537,4105,Fixed-rate,546781,2004,2019,1546781
538,1290,Cashout,483327,1998,2013,1483327
539,3486,Cashout,403143,2022,2037,1403143
540,2704,Fixed-rate,725562,2003,2018,1725562
541,1138,Cashout,420756,1998,2013,1420756
542,4265,Fixed-rate,473768,2021,2036,1473768
543,1545,Cashout,703828,2022,2037,1703828
544,2147,Fixed-rate,602726,1997,2012,1602726
545,3576,Cashout,491239,2022,2037,1491239
546,1254,Fixed-rate,951371,2005,2020,1951371
547,754,Fixed-rate,783221,2001,2016,1783221
548,511,Fixed-rate,263342,2006,2021,1263342
549,217,Fixed-rate,830187,2004,2019,1830187
550,2211,Cashout,580234,2006,2021,1580234
551,677,Cashout,1018753,2013,2028,2018753
552,3242,Cashout,672471,2001,2016,1672471
553,2489,Cashout,501669,2002,2017,1501669
554,1677,Fixed-rate,113809,1999,2014,1113809
555,1345,Fixed-rate,711680,2011,2026,1711680
556,313,Fixed-rate,951363,1997,2012,1951363
557,2822,Fixed-rate,797619,1993,2008,1797619
558,3047,Cashout,1045049,2007,2022,2045049
559,1557,Cashout,879746,2010,2025,1879746
560,2221,Cashout,213464,1994,2009,1213464
561,787,Fixed-rate,169484,2008,2023,1169484
562,227,Fixed-rate,751057,1995,2010,1751057
563,2334,Fixed-rate,299229,2021,2036,1299229
564,1484,Cashout,516387,2017,2032,1516387
565,1365,Cashout,141984,1995,2010,1141984
566,999,Cashout,375990,2001,2016,1375990
567,2244,Cashout,594625,2001,2016,1594625
568,1537,Cashout,403722,2013,2028,1403722
569,3932,Fixed-rate,157674,2019,2034,1157674
570,1013,Fixed-rate,851089,2020,2035,1851089
571,2311,Cashout,1058586,2005,2020,2058586
572,2926,Cashout,570010,1996,2011,1570010
573,2235,Fixed-rate,103572,2011,2026,1103572
574,3503,Fixed-rate,267651,2001,2016,1267651
575,3259,Cashout,167832,2005,2020,1167832
576,1711,Cashout,827152,2013,2028,1827152
577,343,Fixed-rate,1014598,2012,2027,2014598
578,1594,Fixed-rate,359501,1998,2013,1359501
579,2661,Cashout,147611,2005,2020,1147611
580,712,Fixed-rate,637520,2013,2028,1637520
581,1675,Cashout,113474,1995,2010,1113474
582,333,Cashout,1024982,2011,2026,2024982
583,1922,Fixed-rate,555899,2001,2016,1555899
584,3150,Fixed-rate,318397,2016,2031,1318397
585,5965,Fixed-rate,147565,2009,2024,1147565
586,2838,Fixed-rate,886335,2003,2018,1886335
587,674,Cashout,593294,2001,2016,1593294
588,1297,Cashout,1095361,2007,2022,2095361
589,1052,Fixed-rate,939201,2021,2036,1939201
590,1942,Cashout,748069,2006,2021,1748069
591,863,Fixed-rate,721082,1996,2011,1721082
592,1896,Cashout,730638,2006,2021,1730638
593,1276,Fixed-rate,289472,2007,2022,1289472
594,1232,Fixed-rate,678196,2008,2023,1678196
595,5845,Cashout,1011759,2016,2031,2011759
596,1718,Cashout,356510,2011,2026,1356510
597,2524,Fixed-rate,1060713,2009,2024,2060713
598,2086,Fixed-rate,904638,2019,2034,1904638
599,2577,Cashout,447051,2005,2020,1447051
600,973,Cashout,806975,2008,2023,1806975
601,3481,Fixed-rate,850175,2012,2027,1850175
602,3056,Fixed-rate,558732,2003,2018,1558732
603,918,Fixed-rate,352225,1998,2013,1352225
604,1804,Fixed-rate,510544,2006,2021,1510544
605,748,Fixed-rate,551798,2019,2034,1551798
606,3532,Cashout,953970,2004,2019,1953970
607,2649,Cashout,651943,2019,2034,1651943
608,2574,Fixed-rate,836166,2021,2036,1836166
609,2184,Cashout,698911,2021,2036,1698911
610,3463,Cashout,362547,2007,2022,1362547
611,1225,Cashout,124122,2014,2029,1124122
612,766,Fixed-rate,252540,2009,2024,1252540
613,794,Fixed-rate,859424,2007,2022,1859424
614,874,Fixed-rate,362215,2001,2016,1362215
615,1666,Cashout,635899,2003,2018,1635899
616,2504,Fixed-rate,202413,2002,2017,1202413
617,1724,Cashout,1014106,2004,2019,2014106
618,1590,Fixed-rate,793398,2018,2033,1793398
619,2125,Cashout,148647,1994,2009,1148647
620,551,Cashout,570713,2009,2024,1570713
621,2208,Cashout,629503,2000,2015,1629503
622,2929,Cashout,384965,2017,2032,1384965
623,2912,Fixed-rate,849133,2004,2019,1849133
624,2615,Cashout,1098840,2019,2034,2098840
625,3793,Fixed-rate,350153,2002,2017,1350153
626,2494,Fixed-rate,383373,2020,2035,1383373
627,2255,Fixed-rate,273769,2007,2022,1273769
628,2832,Cashout,1037528,2010,2025,2037528
629,3072,Fixed-rate,493483,2008,2023,1493483
630,538,Cashout,937912,1994,2009,1937912
631,2870,Cashout,155512,1996,2011,1155512
632,312,Fixed-rate,411192,2012,2027,1411192
633,7725,Cashout,1091805,1996,2011,2091805
634,3884,Cashout,464918,2008,2023,1464918
635,3239,Fixed-rate,1045946,2018,2033,2045946
636,2310,Cashout,125611,1999,2014,1125611
637,390,Fixed-rate,410225,1997,2012,1410225
638,2125,Fixed-rate,413096,1995,2010,1413096
639,566,Cashout,542548,2001,2016,1542548
640,1111,Fixed-rate,943187,2020,2035,1943187
641,601,Fixed-rate,530741,2017,2032,1530741
642,1887,Cashout,514101,1993,2008,1514101
643,1553,Fixed-rate,391640,1993,2008,1391640
644,3752,Fixed-rate,938398,1994,2009,1938398
645,3553,Cashout,671740,2009,2024,1671740
646,884,Fixed-rate,381832,2020,2035,1381832
647,3736,Fixed-rate,985343,2013,2028,1985343
648,923,Cashout,378932,1993,2008,1378932
649,3659,Fixed-rate,1060321,2015,2030,2060321
650,564,Cashout,833803,1995,2010,1833803
651,3081,Fixed-rate,196438,1998,2013,1196438
652,1271,Fixed-rate,286362,2020,2035,1286362
653,3382,Cashout,523862,2011,2026,1523862
654,3122,Fixed-rate,1005778,1997,2012,2005778
655,1297,Fixed-rate,1087488,2006,2021,2087488
656,882,Cashout,1004020,2021,2036,2004020
657,1089,Fixed-rate,233431,2005,2020,1233431
658,3953,Fixed-rate,646084,2009,2024,1646084
659,2973,Fixed-rate,1021129,2013,2028,2021129
660,338,Fixed-rate,1063827,2006,2021,2063827
661,1473,Fixed-rate,563086,2016,2031,1563086
662,25,Cashout,1026134,2007,2022,2026134
663,107,Fixed-rate,748167,2003,2018,1748167
664,782,Fixed-rate,271418,2014,2029,1271418
665,3718,Fixed-rate,1047789,2008,2023,2047789
666,1633,Fixed-rate,705720,1999,2014,1705720
667,3525,Cashout,272485,1999,2014,1272485
668,255,Fixed-rate,695413,2015,2030,1695413
669,2828,Cashout,424475,1994,2009,1424475
670,3330,Fixed-rate,931012,2022,2037,1931012
671,1778,Cashout,809979,2009,2024,1809979
672,3136,Cashout,475724,2017,2032,1475724
673,1306,Cashout,252323,2011,2026,1252323
674,1290,Cashout,1074321,2017,2032,2074321
675,1541,Cashout,521162,2005,2020,1521162
676,1209,Cashout,157389,1996,2011,1157389
677,688,Fixed-rate,389022,2019,2034,1389022
678,3178,Fixed-rate,1106043,1994,2009,2106043
679,2654,Cashout,298404,2000,2015,1298404
680,2714,Cashout,645150,2002,2017,1645150
681,3868,Cashout,312915,1995,2010,1312915
682,1599,Cashout,643085,2019,2034,1643085
683,4505,Cashout,368737,2009,2024,1368737
684,1968,Cashout,611402,2021,2036,1611402
685,1792,Cashout,1101188,2011,2026,2101188
686,1394,Fixed-rate,1072263,2002,2017,2072263
687,2428,Cashout,728054,1997,2012,1728054
688,2893,Cashout,935103,2018,2033,1935103
689,2258,Cashout,1015413,1995,2010,2015413
690,1754,Cashout,449815,1996,2011,1449815
691,3545,Cashout,1002065,2017,2032,2002065
692,3424,Cashout,101623,2007,2022,1101623
693,1462,Fixed-rate,549975,2021,2036,1549975
694,3321,Cashout,422802,1997,2012,1422802
695,442,Cashout,860080,2020,2035,1860080
696,1655,Fixed-rate,156074,2021,2036,1156074
697,2332,Fixed-rate,183457,2021,2036,1183457
698,238,Cashout,608910,2010,2025,1608910
699,143,Cashout,222696,2020,2035,1222696
700,3221,Fixed-rate,1017811,2020,2035,2017811
701,2172,Fixed-rate,287148,2014,2029,1287148
702,919,Cashout,122338,2009,2024,1122338
703,3704,Cashout,733962,2011,2026,1733962
704,3705,Fixed-rate,787848,2006,2021,1787848
705,1721,Cashout,990590,2003,2018,1990590
706,391,Fixed-rate,1068807,1995,2010,2068807
707,1230,Fixed-rate,494080,2000,2015,1494080
708,6645,Cashout,223446,1995,2010,1223446
709,122,Cashout,688457,1994,2009,1688457
710,3673,Cashout,802482,2002,2017,1802482
711,2225,Cashout,155769,2001,2016,1155769
712,3238,Cashout,777552,2017,2032,1777552
713,2316,Cashout,493005,2011,2026,1493005
714,947,Cashout,464506,2007,2022,1464506
715,2797,Fixed-rate,168873,2021,2036,1168873
716,3338,Cashout,1042348,1997,2012,2042348
717,2372,Cashout,549531,2014,2029,1549531
718,1044,Cashout,305802,1999,2014,1305802
719,1391,Cashout,111510,1997,2012,1111510
720,1975,Fixed-rate,993812,1995,2010,1993812
721,2914,Cashout,487300,2020,2035,1487300
722,1547,Cashout,689541,2016,2031,1689541
723,217,Fixed-rate,882818,2013,2028,1882818
724,2371,Cashout,270766,2004,2019,1270766
725,3859,Cashout,183193,1998,2013,1183193
726,2621,Cashout,407126,2002,2017,1407126
727,1316,Fixed-rate,1035131,1993,2008,2035131
728,3802,Fixed-rate,447936,2005,2020,1447936
729,2462,Fixed-rate,581872,2005,2020,1581872
730,3,Cashout,757528,2004,2019,1757528
731,1671,Fixed-rate,436154,2011,2026,1436154
732,1088,Cashout,188060,2010,2025,1188060
733,1015,Fixed-rate,253606,1996,2011,1253606
734,3312,Cashout,115657,2016,2031,1115657
735,799,Fixed-rate,273187,2012,2027,1273187
736,2613,Cashout,711495,2022,2037,1711495
737,2628,Cashout,467079,2004,2019,1467079
738,45,Cashout,528584,2022,2037,1528584
739,1758,Fixed-rate,681320,2015,2030,1681320
740,247,Fixed-rate,555792,2020,2035,1555792
741,3842,Fixed-rate,332273,2019,2034,1332273
742,254,Fixed-rate,721714,2019,2034,1721714
743,3324,Cashout,654743,2016,2031,1654743
744,3527,Cashout,856881,2006,2021,1856881
745,1330,Cashout,414218,2012,2027,1414218
746,468,Cashout,1100825,2000,2015,2100825
747,1568,Fixed-rate,299344,2022,2037,1299344
748,545,Fixed-rate,296853,2013,2028,1296853
749,1667,Cashout,1076398,2002,2017,2076398
750,2171,Fixed-rate,152049,1998,2013,1152049
751,1398,Fixed-rate,1036139,2002,2017,2036139
752,2421,Fixed-rate,152226,2007,2022,1152226
753,673,Fixed-rate,696007,1994,2009,1696007
754,3929,Cashout,436230,1997,2012,1436230
755,3901,Cashout,156152,2012,2027,1156152
756,2844,Fixed-rate,928179,1997,2012,1928179
757,1048,Cashout,725804,2009,2024,1725804
758,3643,Cashout,449965,2017,2032,1449965
759,1356,Cashout,400501,2012,2027,1400501
760,70,Cashout,903606,2021,2036,1903606
761,475,Cashout,486444,2021,2036,1486444
762,3756,Cashout,1100029,2007,2022,2100029
763,809,Fixed-rate,967552,1999,2014,1967552
764,1566,Cashout,865221,2002,2017,1865221
765,1808,Fixed-rate,993630,1996,2011,1993630
766,2696,Fixed-rate,715238,2005,2020,1715238
767,990,Fixed-rate,445063,1995,2010,1445063
768,258,Fixed-rate,750733,2018,2033,1750733
769,2061,Cashout,167275,2022,2037,1167275
770,1090,Fixed-rate,156935,1999,2014,1156935
771,283,Cashout,261310,1994,2009,1261310
772,1436,Cashout,358920,1995,2010,1358920
773,2741,Fixed-rate,559540,2008,2023,1559540
774,2588,Cashout,713144,2017,2032,1713144
775,2871,Fixed-rate,797162,2019,2034,1797162
776,3701,Cashout,461576,2017,2032,1461576
777,3137,Fixed-rate,878068,2008,2023,1878068
778,7965,Cashout,360728,2014,2029,1360728
779,2276,Cashout,481671,1996,2011,1481671
780,6385,Cashout,405135,2014,2029,1405135
781,2664,Fixed-rate,535427,2002,2017,1535427
782,2088,Fixed-rate,999903,2002,2017,1999903
783,68,Fixed-rate,781484,2012,2027,1781484
784,3767,Fixed-rate,655767,1998,2013,1655767
785,3261,Cashout,879196,2014,2029,1879196
786,3716,Cashout,301088,2007,2022,1301088
787,2966,Cashout,175431,2017,2032,1175431
788,2496,Fixed-rate,498665,2006,2021,1498665
789,1417,Fixed-rate,822620,2009,2024,1822620
790,1806,Cashout,921192,2011,2026,1921192
791,2077,Fixed-rate,144744,2018,2033,1144744
792,1643,Fixed-rate,987516,2012,2027,1987516
793,2230,Fixed-rate,559010,2018,2033,1559010
794,3304,Fixed-rate,217347,2009,2024,1217347
795,3178,Cashout,444787,1998,2013,1444787
796,706,Fixed-rate,1076724,2013,2028,2076724
797,128,Fixed-rate,999154,2019,2034,1999154
798,6265,Cashout,103836,1999,2014,1103836
799,148,Cashout,813062,2011,2026,1813062
800,864,Cashout,688866,1997,2012,1688866
801,3497,Cashout,448222,2017,2032,1448222
802,2971,Fixed-rate,542354,2011,2026,1542354
803,988,Fixed-rate,196400,2001,2016,1196400
804,3553,Fixed-rate,639646,1997,2012,1639646
805,3071,Cashout,838549,2021,2036,1838549
806,2782,Cashout,174702,2006,2021,1174702
807,3242,Fixed-rate,829578,2010,2025,1829578
808,3310,Fixed-rate,147175,1999,2014,1147175
809,2036,Cashout,206789,2014,2029,1206789
810,2171,Cashout,467744,2011,2026,1467744
811,1513,Fixed-rate,165247,2010,2025,1165247
812,1861,Fixed-rate,668580,2008,2023,1668580
813,50,Cashout,858057,2018,2033,1858057
814,3439,Fixed-rate,845259,2001,2016,1845259
815,3381,Fixed-rate,379672,2019,2034,1379672
816,2933,Cashout,254448,2013,2028,1254448
817,3376,Fixed-rate,535172,2008,2023,1535172
818,2088,Fixed-rate,149805,1996,2011,1149805
819,3386,Cashout,1010874,2009,2024,2010874
820,2642,Cashout,945894,2017,2032,1945894
821,7525,Fixed-rate,608970,2012,2027,1608970
822,1461,Cashout,431578,2017,2032,1431578
823,3498,Fixed-rate,471838,2003,2018,1471838
824,223,Fixed-rate,371787,2016,2031,1371787
825,1793,Cashout,758904,2003,2018,1758904
826,1997,Cashout,1007029,2011,2026,2007029
827,107,Cashout,858883,2008,2023,1858883
828,1317,Fixed-rate,572034,2002,2017,1572034
829,3652,Cashout,718838,2019,2034,1718838
830,2081,Cashout,221429,1997,2012,1221429
831,2448,Cashout,471509,1995,2010,1471509
832,116,Cashout,618926,2008,2023,1618926
833,2049,Cashout,795813,2002,2017,1795813
834,3345,Cashout,989261,2007,2022,1989261
835,3542,Fixed-rate,713183,1995,2010,1713183
836,589,Cashout,777278,2003,2018,1777278
837,344,Cashout,114715,2020,2035,1114715
838,677,Cashout,414031,2004,2019,1414031
839,3429,Cashout,997845,1995,2010,1997845
840,1149,Fixed-rate,132670,1994,2009,1132670
841,1235,Fixed-rate,965808,2005,2020,1965808
842,2469,Cashout,721327,2007,2022,1721327
843,762,Cashout,854733,2021,2036,1854733
844,7425,Fixed-rate,491179,2000,2015,1491179
845,1749,Fixed-rate,1028455,2009,2024,2028455
846,142,Fixed-rate,539323,2020,2035,1539323
847,3653,Fixed-rate,977737,2008,2023,1977737
848,3656,Fixed-rate,404447,2022,2037,1404447
849,1118,Fixed-rate,770604,2015,2030,1770604
850,2217,Fixed-rate,581980,2015,2030,1581980
851,1587,Cashout,639845,2019,2034,1639845
852,5405,Fixed-rate,344935,2003,2018,1344935
853,3686,Cashout,966635,1998,2013,1966635
854,835,Cashout,125238,2013,2028,1125238
855,2718,Cashout,894109,2008,2023,1894109
856,821,Fixed-rate,769508,2014,2029,1769508
857,1665,Cashout,884589,2008,2023,1884589
858,7145,Fixed-rate,316427,2011,2026,1316427
859,5045,Fixed-rate,782601,2013,2028,1782601
860,4105,Fixed-rate,439714,2004,2019,1439714
861,1585,Fixed-rate,626066,2003,2018,1626066
862,1952,Cashout,678431,1998,2013,1678431
863,605,Fixed-rate,340026,2009,2024,1340026
864,785,Fixed-rate,800745,2014,2029,1800745
865,6845,Fixed-rate,393341,1995,2010,1393341
866,417,Fixed-rate,756422,2021,2036,1756422
867,2935,Fixed-rate,558318,2012,2027,1558318
868,3797,Fixed-rate,413938,2022,2037,1413938
869,128,Cashout,1004780,1998,2013,2004780
870,1649,Cashout,585987,2017,2032,1585987
871,2619,Fixed-rate,918664,2019,2034,1918664
872,922,Cashout,193234,2006,2021,1193234
873,3765,Fixed-rate,327801,2010,2025,1327801
874,2685,Fixed-rate,666535,2019,2034,1666535
875,1471,Cashout,360660,1994,2009,1360660
876,1253,Cashout,1087667,2020,2035,2087667
877,557,Fixed-rate,224889,1999,2014,1224889
878,2062,Fixed-rate,872724,2009,2024,1872724
879,1178,Cashout,509348,1996,2011,1509348
880,1836,Fixed-rate,922180,1998,2013,1922180
881,1642,Cashout,1084151,1997,2012,2084151
882,2502,Fixed-rate,686867,1999,2014,1686867
883,523,Fixed-rate,353077,1995,2010,1353077
884,1058,Fixed-rate,879010,2021,2036,1879010
885,3279,Fixed-rate,462208,1997,2012,1462208
886,2690,Cashout,334192,2007,2022,1334192
887,6825,Fixed-rate,152307,2020,2035,1152307
888,966,Cashout,574476,2006,2021,1574476
889,3719,Fixed-rate,828963,1994,2009,1828963
890,3096,Fixed-rate,483109,1994,2009,1483109
891,3521,Fixed-rate,562045,2012,2027,1562045
892,598,Cashout,352892,2016,2031,1352892
893,1041,Cashout,104915,1999,2014,1104915
894,1785,Cashout,949422,2007,2022,1949422
895,2378,Cashout,833004,1997,2012,1833004
896,1771,Cashout,101875,2008,2023,1101875
897,2382,Cashout,500856,2004,2019,1500856
898,2858,Fixed-rate,435697,1998,2013,1435697
899,7165,Fixed-rate,734187,2006,2021,1734187
900,3055,Fixed-rate,207881,2013,2028,1207881
901,2079,Fixed-rate,788121,1997,2012,1788121
902,3370,Cashout,631316,2020,2035,1631316
903,1258,Fixed-rate,881376,2018,2033,1881376
904,2930,Fixed-rate,562526,1996,2011,1562526
905,3791,Cashout,257119,2001,2016,1257119
906,2275,Cashout,983903,1998,2013,1983903
907,2430,Fixed-rate,930715,2007,2022,1930715
908,1843,Fixed-rate,388752,2018,2033,1388752
909,3313,Fixed-rate,143355,2009,2024,1143355
910,2983,Cashout,280081,2007,2022,1280081
911,2829,Fixed-rate,654388,2017,2032,1654388
912,2575,Fixed-rate,598767,2010,2025,1598767
913,687,Cashout,309314,1997,2012,1309314
914,835,Fixed-rate,691099,2012,2027,1691099
915,1838,Cashout,124208,2014,2029,1124208
916,1307,Fixed-rate,709301,2013,2028,1709301
917,1436,Cashout,495715,2011,2026,1495715
918,958,Fixed-rate,546463,2015,2030,1546463
919,683,Fixed-rate,106146,2017,2032,1106146
920,771,Fixed-rate,378029,2017,2032,1378029
921,1958,Fixed-rate,283695,2012,2027,1283695
922,3625,Fixed-rate,896158,2012,2027,1896158
923,46,Cashout,145698,1999,2014,1145698
924,3369,Fixed-rate,141069,2009,2024,1141069
925,63,Cashout,872740,2000,2015,1872740
926,2871,Cashout,581793,1994,2009,1581793
927,2395,Fixed-rate,694714,2014,2029,1694714
928,2225,Fixed-rate,897421,2008,2023,1897421
929,3329,Fixed-rate,341216,2008,2023,1341216
930,2762,Fixed-rate,214746,2010,2025,1214746
931,3901,Fixed-rate,943829,1997,2012,1943829
932,827,Cashout,169999,2008,2023,1169999
933,2138,Cashout,897559,2012,2027,1897559
934,806,Cashout,1012497,2005,2020,2012497
935,1124,Cashout,431804,2004,2019,1431804
936,2451,Cashout,798835,2008,2023,1798835
937,238,Cashout,322798,1999,2014,1322798
938,2049,Cashout,474707,1995,2010,1474707
939,3133,Fixed-rate,155760,2019,2034,1155760
940,2296,Cashout,881215,2017,2032,1881215
941,967,Cashout,539652,2013,2028,1539652
942,487,Cashout,125519,1999,2014,1125519
943,6765,Fixed-rate,671050,2002,2017,1671050
944,2833,Cashout,821027,2017,2032,1821027
945,1439,Cashout,629844,2018,2033,1629844
946,2015,Cashout,492433,2004,2019,1492433
947,443,Fixed-rate,201161,2004,2019,1201161
948,983,Fixed-rate,616120,2004,2019,1616120
949,3969,Cashout,325408,1995,2010,1325408
950,1756,Fixed-rate,149339,2017,2032,1149339
951,1353,Cashout,775544,1996,2011,1775544
952,55,Cashout,808612,2020,2035,1808612
953,2587,Cashout,906351,2014,2029,1906351
954,176,Fixed-rate,332811,2018,2033,1332811
955,3132,Cashout,506445,2017,2032,1506445
956,3256,Fixed-rate,137107,2006,2021,1137107
957,2414,Cashout,291796,1993,2008,1291796
958,2482,Fixed-rate,678047,2007,2022,1678047
959,1339,Fixed-rate,734097,1997,2012,1734097
960,2359,Fixed-rate,366336,2018,2033,1366336
961,3775,Cashout,108729,2006,2021,1108729
962,936,Cashout,393046,2009,2024,1393046
963,1928,Cashout,685510,2002,2017,1685510
964,3034,Fixed-rate,785885,2011,2026,1785885
965,57,Cashout,294339,2007,2022,1294339
966,2055,Cashout,245424,2020,2035,1245424
967,2028,Cashout,313276,1995,2010,1313276
968,1888,Fixed-rate,423232,2015,2030,1423232
969,313,Fixed-rate,728736,2021,2036,1728736
970,9,Cashout,397347,2009,2024,1397347
971,1119,Fixed-rate,677979,2008,2023,1677979
972,3606,Cashout,262738,2016,2031,1262738
973,3411,Fixed-rate,219381,2007,2022,1219381
974,2245,Fixed-rate,1095155,2010,2025,2095155
975,701,Cashout,924211,2002,2017,1924211
976,1777,Cashout,465463,2002,2017,1465463
977,724,Cashout,710189,2013,2028,1710189
978,1915,Cashout,360701,2017,2032,1360701
979,3111,Fixed-rate,110217,2013,2028,1110217
980,3713,Cashout,281874,2007,2022,1281874
981,1363,Cashout,355559,2005,2020,1355559
982,3238,Cashout,534817,2002,2017,1534817
983,2419,Fixed-rate,109581,2021,2036,1109581
984,494,Fixed-rate,306136,2015,2030,1306136
985,1895,Fixed-rate,750520,2009,2024,1750520
986,1319,Cashout,945897,1994,2009,1945897
987,2265,Cashout,246513,2020,2035,1246513
988,3127,Fixed-rate,888321,2021,2036,1888321
989,1752,Cashout,711659,1994,2009,1711659
990,2115,Cashout,1019644,2000,2015,2019644
991,437,Cashout,143616,2005,2020,1143616
992,3882,Fixed-rate,152057,2001,2016,1152057
993,2484,Cashout,730570,2019,2034,1730570
994,2016,Fixed-rate,825644,2016,2031,1825644
995,175,Cashout,722528,2014,2029,1722528
996,2776,Fixed-rate,729465,2014,2029,1729465
997,3816,Fixed-rate,343488,2019,2034,1343488
998,3511,Cashout,982719,2016,2031,1982719
999,3504,Cashout,1066387,2015,2030,2066387
1000,993,Cashout,960039,2000,2015,1960039
