1,1614,Fixed-rate,1090484,1997,2012,2090484
2,1836,Fixed-rate,604873,2010,2025,1604873
3,697,Cashout,1002178,2018,2033,2002178
4,1994,Cashout,264606,2013,2028,1264606
5,1126,Fixed-rate,1006098,1995,2010,2006098
6,1543,Fixed-rate,793761,2019,2034,1793761
7,2710,Cashout,849229,2017,2032,1849229
8,290,Cashout,640643,2005,2020,1640643
9,348,Fixed-rate,306554,2012,2027,1306554
10,1691,Fixed-rate,876279,2002,2017,1876279
11,2491,Fixed-rate,570380,2000,2015,1570380
12,430,Fixed-rate,937221,2013,2028,1937221
13,2831,Cashout,486374,1998,2013,1486374
14,1885,Fixed-rate,369379,2021,2036,1369379
15,7925,Fixed-rate,1104031,2020,2035,2104031
16,569,Cashout,788197,2017,2032,1788197
17,2876,Cashout,1071488,2016,2031,2071488
18,3766,Fixed-rate,1020332,2005,2020,2020332
19,6845,Cashout,639911,1999,2014,1639911
20,2699,Fixed-rate,486052,2007,2022,1486052
21,405,Cashout,139078,1994,2009,1139078
22,2076,Cashout,338194,1999,2014,1338194
23,3931,Fixed-rate,322082,2009,2024,1322082
24,3330,Cashout,885428,2004,2019,1885428
25,662,Cashout,471481,2013,2028,1471481
26,263,Cashout,656936,2008,2023,1656936
27,1246,Cashout,996250,2004,2019,1996250
28,838,Fixed-rate,1024930,2003,2018,2024930
29,2856,Cashout,1103516,1997,2012,2103516
30,975,Fixed-rate,275564,1999,2014,1275564
31,2002,Cashout,549007,2006,2021,1549007
32,502,Cashout,901529,1998,2013,1901529
33,3469,Fixed-rate,418068,2001,2016,1418068
34,223,Fixed-rate,456721,2017,2032,1456721
35,3827,Cashout,764586,1998,2013,1764586
36,2808,Cashout,173152,2020,2035,1173152
37,803,Fixed-rate,598266,2004,2019,1598266
38,2561,Fixed-rate,1095307,2008,2023,2095307
39,2642,Cashout,914351,2010,2025,1914351
40,1084,Fixed-rate,491684,2017,2032,1491684
41,329,Fixed-rate,942174,2018,2033,1942174
42,452,Cashout,668033,2019,2034,1668033
43,2657,Cashout,744110,2010,2025,1744110
44,3771,Cashout,274209,2003,2018,1274209
45,1422,Cashout,317257,1994,2009,1317257
46,1432,Fixed-rate,967387,2002,2017,1967387
47,213,Fixed-rate,274339,2004,2019,1274339
48,2171,Cashout,421352,2015,2030,1421352
49,1597,Fixed-rate,996434,1999,2014,1996434
50,1598,Cashout,239502,1996,2011,1239502
51,2437,Fixed-rate,315137,2008,2023,1315137
52,121,Cashout,962575,2008,2023,1962575
53,3643,Fixed-rate,596222,2004,2019,1596222
54,3397,Fixed-rate,755948,2005,2020,1755948
55,1532,Cashout,157742,2001,2016,1157742
56,2794,Cashout,232591,2000,2015,1232591
57,2774,Cashout,983152,1999,2014,1983152
58,2294,Cashout,790054,2001,2016,1790054
59,385,Cashout,861799,1998,2013,1861799
60,4325,Fixed-rate,228463,1996,2011,1228463
61,1871,Fixed-rate,542215,1997,2012,1542215
62,2402,Fixed-rate,740609,2021,2036,1740609
63,2655,Fixed-rate,843896,2005,2020,1843896
64,3590,Cashout,1088759,2004,2019,2088759
65,4085,Fixed-rate,976537,1993,2008,1976537
66,594,Cashout,145650,2006,2021,1145650
67,797,Cashout,590333,2020,2035,1590333
68,3662,Cashout,367604,2005,2020,1367604
69,1736,Fixed-rate,672458,2002,2017,1672458
70,342,Cashout,147616,2003,2018,1147616
71,381,Cashout,1023108,2011,2026,2023108
72,3212,Fixed-rate,387942,1998,2013,1387942
73,3907,Fixed-rate,105786,1995,2010,1105786
74,310,Cashout,1035873,1997,2012,2035873
75,2918,Cashout,586542,2011,2026,1586542
76,3430,Fixed-rate,125845,1998,2013,1125845
77,3901,Cashout,739290,2012,2027,1739290
78,6265,Fixed-rate,429730,2002,2017,1429730
79,962,Fixed-rate,397414,2005,2020,1397414
80,184,Fixed-rate,628995,2004,2019,1628995
81,3670,Cashout,234922,2010,2025,1234922
82,1231,Fixed-rate,386376,2019,2034,1386376
83,882,Cashout,593445,2018,2033,1593445
84,1379,Cashout,274409,1994,2009,1274409
85,643,Fixed-rate,111182,2007,2022,1111182
86,3746,Cashout,194485,1994,2009,1194485
87,64,Fixed-rate,588199,1999,2014,1588199
88,2761,Fixed-rate,595721,1996,2011,1595721
89,1250,Fixed-rate,245639,2014,2029,1245639
90,1368,Fixed-rate,141740,1994,2009,1141740
91,528,Cashout,190843,2001,2016,1190843
92,1404,Fixed-rate,222290,2005,2020,1222290
93,6485,Fixed-rate,913867,2021,2036,1913867
94,2564,Cashout,667960,2006,2021,1667960
95,3088,Fixed-rate,133845,1993,2008,1133845
96,3623,Fixed-rate,1017126,2003,2018,2017126
97,2343,Cashout,502285,2008,2023,1502285
98,2801,Cashout,912648,1994,2009,1912648
99,1256,Cashout,346045,2001,2016,1346045
100,759,Cashout,859594,1995,2010,1859594
101,1608,Fixed-rate,149285,2016,2031,1149285
102,3323,Cashout,298063,2002,2017,1298063
103,1052,Cashout,545030,2001,2016,1545030
104,1116,Cashout,325145,2010,2025,1325145
105,1965,Cashout,533495,2003,2018,1533495
106,2207,Cashout,254591,2016,2031,1254591
107,2939,Fixed-rate,181430,2013,2028,1181430
108,319,Fixed-rate,256566,2016,2031,1256566
109,7285,Fixed-rate,555717,2015,2030,1555717
110,3226,Cashout,993558,2003,2018,1993558
111,3610,Cashout,695647,2002,2017,1695647
112,1030,Cashout,280729,1997,2012,1280729
113,3728,Cashout,644224,2014,2029,1644224
114,1950,Cashout,221833,2014,2029,1221833
115,3103,Cashout,943617,2004,2019,1943617
116,923,Fixed-rate,311727,2013,2028,1311727
117,2453,Fixed-rate,286207,2009,2024,1286207
118,3736,Cashout,738911,2015,2030,1738911
119,3576,Cashout,930917,2008,2023,1930917
120,2156,Cashout,353573,2000,2015,1353573
121,712,Fixed-rate,727097,2002,2017,1727097
122,210,Fixed-rate,873523,2004,2019,1873523
123,2048,Fixed-rate,380189,2005,2020,1380189
124,1725,Fixed-rate,708334,2016,2031,1708334
125,3333,Cashout,889236,2021,2036,1889236
126,3167,Fixed-rate,955761,2014,2029,1955761
127,1216,Cashout,1033118,2014,2029,2033118
128,3591,Cashout,963124,2019,2034,1963124
129,941,Fixed-rate,1104011,2011,2026,2104011
130,3707,Fixed-rate,257678,2005,2020,1257678
131,456,Cashout,250799,2009,2024,1250799
132,3179,Cashout,131278,1995,2010,1131278
133,888,Cashout,966650,2017,2032,1966650
134,2813,Fixed-rate,637591,2007,2022,1637591
135,3104,Cashout,821725,2012,2027,1821725
136,2230,Fixed-rate,587816,1993,2008,1587816
137,29,Cashout,755753,2005,2020,1755753
138,1866,Cashout,253728,2014,2029,1253728
139,2766,Cashout,440216,1997,2012,1440216
140,3732,Cashout,617599,2014,2029,1617599
141,2488,Fixed-rate,101706,2003,2018,1101706
142,3093,Fixed-rate,682179,2017,2032,1682179
143,842,Cashout,594354,2000,2015,1594354
144,224,Fixed-rate,407247,2008,2023,1407247
145,3093,Fixed-rate,1105012,1996,2011,2105012
146,3841,Cashout,971902,1997,2012,1971902
147,1423,Cashout,746256,2014,2029,1746256
148,1386,Fixed-rate,209783,2017,2032,1209783
149,2009,Cashout,1093069,2002,2017,2093069
150,3317,Cashout,574188,2017,2032,1574188
151,3565,Fixed-rate,1084552,2007,2022,2084552
152,1975,Fixed-rate,1067629,2012,2027,2067629
153,3809,Cashout,410497,2000,2015,1410497
154,3316,Cashout,772522,2015,2030,1772522
155,3610,Cashout,716859,2014,2029,1716859
156,723,Fixed-rate,108163,2016,2031,1108163
157,1883,Cashout,997114,1995,2010,1997114
158,25,Fixed-rate,533579,2002,2017,1533579
159,3948,Fixed-rate,1005657,2000,2015,2005657
160,3875,Fixed-rate,473893,2007,2022,1473893
161,830,Fixed-rate,868471,2021,2036,1868471
162,3364,Fixed-rate,517172,2012,2027,1517172
163,2771,Cashout,956747,2005,2020,1956747
164,3997,Fixed-rate,795882,2020,2035,1795882
165,1402,Cashout,447458,2008,2023,1447458
166,7025,Cashout,206175,2012,2027,1206175
167,3613,Cashout,203645,2012,2027,1203645
168,6605,Fixed-rate,739831,1997,2012,1739831
169,339,Fixed-rate,482482,2003,2018,1482482
170,1076,Fixed-rate,412946,1997,2012,1412946
171,2142,Fixed-rate,157709,1994,2009,1157709
172,1884,Cashout,793471,2009,2024,1793471
173,902,Cashout,280339,2011,2026,1280339
174,546,Fixed-rate,961973,2016,2031,1961973
175,115,Fixed-rate,435429,1996,2011,1435429
176,5965,Fixed-rate,950259,2020,2035,1950259
177,639,Cashout,402124,1995,2010,1402124
178,3551,Fixed-rate,174735,2003,2018,1174735
179,3858,Fixed-rate,317397,2015,2030,1317397
180,2230,Cashout,488924,1997,2012,1488924
181,1150,Fixed-rate,653007,1995,2010,1653007
182,1347,Fixed-rate,453732,2021,2036,1453732
183,166,Fixed-rate,881962,1999,2014,1881962
184,2851,Cashout,282146,2015,2030,1282146
185,2006,Cashout,862322,2015,2030,1862322
186,1016,Fixed-rate,895458,2008,2023,1895458
187,1522,Fixed-rate,826123,2004,2019,1826123
188,2342,Cashout,1043725,2014,2029,2043725
189,3629,Fixed-rate,204748,1996,2011,1204748
190,7425,Fixed-rate,735214,2021,2036,1735214
191,3528,Fixed-rate,1014323,2009,2024,2014323
192,2793,Fixed-rate,164366,2007,2022,1164366
193,1324,Fixed-rate,510487,1994,2009,1510487
194,1492,Cashout,905253,2004,2019,1905253
195,798,Cashout,161379,2020,2035,1161379
196,1268,Fixed-rate,127838,2011,2026,1127838
197,1529,Fixed-rate,532542,1995,2010,1532542
198,2704,Cashout,374272,1996,2011,1374272
199,1352,Cashout,804293,2002,2017,1804293
200,3421,Cashout,903885,1998,2013,1903885
201,1533,Fixed-rate,693892,2006,2021,1693892
202,727,Fixed-rate,608422,2008,2023,1608422
203,2232,Fixed-rate,915069,2014,2029,1915069
204,2993,Fixed-rate,513771,2019,2034,1513771
205,3778,Cashout,234053,2008,2023,1234053
206,2386,Fixed-rate,572721,1995,2010,1572721
207,814,Fixed-rate,1066687,2016,2031,2066687
208,3349,Fixed-rate,915888,2015,2030,1915888
209,42,Cashout,580248,2014,2029,1580248
210,3913,Cashout,911729,2011,2026,1911729
211,3742,Fixed-rate,366150,1994,2009,1366150
212,2984,Cashout,281234,2017,2032,1281234
213,109,Cashout,482558,2000,2015,1482558
214,3243,Cashout,969144,2008,2023,1969144
215,7505,Fixed-rate,447717,2015,2030,1447717
216,733,Fixed-rate,792386,1997,2012,1792386
217,535,Fixed-rate,498138,1994,2009,1498138
218,41,Cashout,812790,2001,2016,1812790
219,352,Fixed-rate,717673,1998,2013,1717673
220,2073,Cashout,587732,2003,2018,1587732
221,1946,Cashout,172627,1994,2009,1172627
222,1050,Fixed-rate,112574,1994,2009,1112574
223,204,Fixed-rate,630039,2001,2016,1630039
224,3924,Fixed-rate,707801,1997,2012,1707801
225,2473,Cashout,964739,1995,2010,1964739
226,2609,Cashout,292046,2005,2020,1292046
227,537,Fixed-rate,545731,1997,2012,1545731
228,1587,Fixed-rate,684498,2011,2026,1684498
229,321,Fixed-rate,131866,1998,2013,1131866
230,5765,Fixed-rate,802362,2006,2021,1802362
231,425,Fixed-rate,586144,2018,2033,1586144
232,1099,Fixed-rate,1013513,2015,2030,2013513
233,3745,Fixed-rate,239956,2013,2028,1239956
234,3404,Fixed-rate,1088067,1995,2010,2088067
235,1692,Cashout,956484,2010,2025,1956484
236,3214,Fixed-rate,400008,1994,2009,1400008
237,2013,Cashout,990719,2020,2035,1990719
238,4065,Cashout,549942,2016,2031,1549942
239,649,Cashout,553372,2011,2026,1553372
240,2876,Cashout,338142,2014,2029,1338142
241,7085,Fixed-rate,121208,2012,2027,1121208
242,2951,Cashout,259153,2021,2036,1259153
243,329,Fixed-rate,731212,1995,2010,1731212
244,3081,Cashout,890831,2014,2029,1890831
245,959,Fixed-rate,313473,2008,2023,1313473
246,3162,Fixed-rate,1022279,2005,2020,2022279
247,386,Fixed-rate,948602,2003,2018,1948602
248,3723,Fixed-rate,974745,2007,2022,1974745
249,2429,Fixed-rate,1105243,2003,2018,2105243
250,1233,Fixed-rate,1019512,2010,2025,2019512
251,581,Fixed-rate,1069590,2020,2035,2069590
252,3727,Cashout,667115,2016,2031,1667115
253,1958,Fixed-rate,1074693,2003,2018,2074693
254,3761,Fixed-rate,617022,2004,2019,1617022
255,2677,Cashout,876273,1993,2008,1876273
256,1467,Cashout,308437,2003,2018,1308437
257,1991,Cashout,516545,1996,2011,1516545
258,707,Fixed-rate,708886,2018,2033,1708886
259,2359,Cashout,689983,2021,2036,1689983
260,3266,Fixed-rate,789254,2011,2026,1789254
261,1924,Cashout,174539,1994,2009,1174539
262,2065,Cashout,864959,2010,2025,1864959
263,1016,Cashout,494245,2014,2029,1494245
264,3921,Cashout,820068,2016,2031,1820068
265,431,Fixed-rate,400848,1998,2013,1400848
266,3177,Cashout,603713,2002,2017,1603713
267,1076,Fixed-rate,864679,2019,2034,1864679
268,327,Fixed-rate,835803,1996,2011,1835803
269,2613,Fixed-rate,900382,1994,2009,1900382
270,126,Fixed-rate,851545,2020,2035,1851545
271,1582,Fixed-rate,1110177,2017,2032,2110177
272,3267,Fixed-rate,501115,2020,2035,1501115
273,2551,Cashout,723390,2019,2034,1723390
274,859,Cashout,706443,1997,2012,1706443
275,1430,Cashout,900239,2006,2021,1900239
276,871,Cashout,972721,2020,2035,1972721
277,1838,Cashout,197898,2022,2037,1197898
278,1974,Cashout,967187,1996,2011,1967187
279,1213,Fixed-rate,317336,1995,2010,1317336
280,3533,Cashout,895949,1995,2010,1895949
281,3930,Cashout,594263,2000,2015,1594263
282,2852,Fixed-rate,527957,2016,2031,1527957
283,1628,Fixed-rate,674908,2011,2026,1674908
284,3495,Cashout,936308,2018,2033,1936308
285,666,Cashout,455416,2007,2022,1455416
286,443,Cashout,837734,2010,2025,1837734
287,1223,Fixed-rate,565844,2009,2024,1565844
288,2947,Cashout,407014,2008,2023,1407014
289,3868,Cashout,356665,2014,2029,1356665
290,3466,Fixed-rate,420959,2007,2022,1420959
291,168,Cashout,968206,2019,2034,1968206
292,2732,Cashout,959007,2018,2033,1959007
293,893,Cashout,367826,1994,2009,1367826
294,2404,Cashout,439812,2017,2032,1439812
295,2038,Cashout,198058,2012,2027,1198058
296,6865,Fixed-rate,386167,2022,2037,1386167
297,5445,Cashout,944208,2021,2036,1944208
298,3486,Cashout,179589,1999,2014,1179589
299,198,Cashout,1071460,2003,2018,2071460
300,1868,Cashout,231089,2015,2030,1231089
301,5285,Cashout,883783,2000,2015,1883783
302,1186,Fixed-rate,912538,2014,2029,1912538
303,6045,Cashout,786236,2019,2034,1786236
304,3193,Fixed-rate,273466,2012,2027,1273466
305,2345,Cashout,378437,2007,2022,1378437
306,18,Fixed-rate,518526,2012,2027,1518526
307,2176,Fixed-rate,301662,2020,2035,1301662
308,1203,Fixed-rate,636001,2007,2022,1636001
309,4325,Cashout,172254,1997,2012,1172254
310,2601,Fixed-rate,1054101,1995,2010,2054101
311,3451,Fixed-rate,1054861,2003,2018,2054861
312,3039,Fixed-rate,802943,1999,2014,1802943
313,943,Fixed-rate,539940,1997,2012,1539940
314,1966,Cashout,334955,1997,2012,1334955
315,331,Fixed-rate,820533,2020,2035,1820533
316,415,Fixed-rate,906859,1995,2010,1906859
317,1358,Fixed-rate,211873,2009,2024,1211873
318,1103,Cashout,358216,2007,2022,1358216
319,5865,Cashout,157263,2003,2018,1157263
320,1785,Cashout,675310,1996,2011,1675310
321,3634,Cashout,510508,2010,2025,1510508
322,2979,Cashout,1065136,2003,2018,2065136
323,513,Cashout,388577,2016,2031,1388577
324,1359,Cashout,219223,1996,2011,1219223
325,486,Fixed-rate,224349,2005,2020,1224349
326,3383,Cashout,507882,2002,2017,1507882
327,1783,Fixed-rate,789191,1997,2012,1789191
328,1018,Fixed-rate,984023,1993,2008,1984023
329,1756,Cashout,994670,2002,2017,1994670
330,2387,Cashout,169374,2012,2027,1169374
331,465,Fixed-rate,721693,2018,2033,1721693
332,1151,Cashout,938546,1995,2010,1938546
333,2908,Cashout,915897,2002,2017,1915897
334,1915,Cashout,901459,2019,2034,1901459
335,1828,Cashout,452356,2006,2021,1452356
336,415,Fixed-rate,618381,1993,2008,1618381
337,706,Fixed-rate,631641,2018,2033,1631641
338,1594,Cashout,659399,2014,2029,1659399
339,3873,Cashout,878354,2003,2018,1878354
340,2829,Fixed-rate,1037706,2002,2017,2037706
341,2666,Cashout,591241,1999,2014,1591241
342,1222,Fixed-rate,764722,2015,2030,1764722
343,1326,Cashout,1014782,2014,2029,2014782
344,1606,Cashout,131454,2015,2030,1131454
345,591,Cashout,713590,2013,2028,1713590
346,2497,Cashout,252463,2005,2020,1252463
347,569,Cashout,321859,2008,2023,1321859
348,3646,Cashout,286750,1997,2012,1286750
349,69,Fixed-rate,744797,1999,2014,1744797
350,3337,Cashout,1013054,2022,2037,2013054
351,3832,Fixed-rate,855265,2009,2024,1855265
352,850,Fixed-rate,953778,2002,2017,1953778
353,2781,Cashout,1062401,2006,2021,2062401
354,1678,Cashout,260656,1999,2014,1260656
355,3998,Cashout,850164,2005,2020,1850164
356,1242,Cashout,791177,2012,2027,1791177
357,1189,Fixed-rate,621076,2004,2019,1621076
358,3330,Cashout,829140,2008,2023,1829140
359,1625,Fixed-rate,776006,2022,2037,1776006
360,88,Cashout,1038226,1995,2010,2038226
361,987,Fixed-rate,472372,1995,2010,1472372
362,2282,Fixed-rate,231362,2017,2032,1231362
363,3081,Fixed-rate,539250,2018,2033,1539250
364,2592,Fixed-rate,537979,2006,2021,1537979
365,93,Fixed-rate,666867,2007,2022,1666867
366,493,Fixed-rate,798088,2021,2036,1798088
367,403,Cashout,760738,2021,2036,1760738
368,1713,Fixed-rate,893399,2014,2029,1893399
369,3326,Cashout,817862,2002,2017,1817862
370,1750,Fixed-rate,1003482,1996,2011,2003482
371,3621,Cashout,666320,2007,2022,1666320
372,8005,Cashout,1109343,2006,2021,2109343
373,2588,Cashout,578709,2008,2023,1578709
374,598,Cashout,158528,2020,2035,1158528
375,1188,Cashout,964488,2017,2032,1964488
376,2408,Fixed-rate,1072092,1996,2011,2072092
377,4105,Fixed-rate,302448,1997,2012,1302448
378,1310,Cashout,400448,2006,2021,1400448
379,3391,Cashout,593014,2021,2036,1593014
380,2577,Cashout,192025,2017,2032,1192025
381,2855,Cashout,192023,2003,2018,1192023
382,2422,Fixed-rate,1099655,2014,2029,2099655
383,804,Cashout,1066076,2008,2023,2066076
384,2023,Fixed-rate,182270,2020,2035,1182270
385,2393,Fixed-rate,914937,1997,2012,1914937
386,877,Cashout,561985,2011,2026,1561985
387,793,Cashout,486477,1998,2013,1486477
388,3144,Fixed-rate,916473,2012,2027,1916473
389,902,Cashout,628403,2011,2026,1628403
390,123,Cashout,1033849,2007,2022,2033849
391,1975,Fixed-rate,157997,2006,2021,1157997
392,1010,Fixed-rate,625329,2005,2020,1625329
393,1924,Fixed-rate,294985,2002,2017,1294985
394,1604,Fixed-rate,486711,2005,2020,1486711
395,1843,Cashout,103012,2018,2033,1103012
396,1834,Cashout,532178,2018,2033,1532178
397,1254,Fixed-rate,461663,2009,2024,1461663
398,1229,Fixed-rate,847558,2000,2015,1847558
399,293,Cashout,714064,2000,2015,1714064
400,986,Fixed-rate,391260,2007,2022,1391260
401,3353,Cashout,276916,1999,2014,1276916
402,3386,Cashout,435481,2009,2024,1435481
403,257,Fixed-rate,515989,2002,2017,1515989
404,2024,Cashout,794989,2012,2027,1794989
405,3795,Fixed-rate,471580,2022,2037,1471580
406,612,Fixed-rate,1019768,2008,2023,2019768
407,2762,Fixed-rate,648629,2019,2034,1648629
408,3211,Cashout,928880,1999,2014,1928880
409,2697,Cashout,359695,1998,2013,1359695
410,3614,Fixed-rate,731515,2001,2016,1731515
411,1775,Fixed-rate,461986,2002,2017,1461986
412,1615,Cashout,211676,2015,2030,1211676
413,7,Fixed-rate,711956,1993,2008,1711956
414,3469,Cashout,794804,2000,2015,1794804
415,929,Fixed-rate,268383,2021,2036,1268383
416,2857,Cashout,805014,2019,2034,1805014
417,2906,Cashout,1006660,2011,2026,2006660
418,3822,Cashout,873657,2012,2027,1873657
419,950,Cashout,295873,2019,2034,1295873
420,376,Cashout,110768,1993,2008,1110768
421,4965,Cashout,987912,2018,2033,1987912
422,3491,Cashout,669015,2009,2024,1669015
423,712,Cashout,665395,2020,2035,1665395
424,3139,Fixed-rate,132770,2022,2037,1132770
425,2903,Fixed-rate,1033482,2014,2029,2033482
426,821,Cashout,256401,1994,2009,1256401
427,1044,Cashout,638528,2014,2029,1638528
428,1458,Cashout,652530,2007,2022,1652530
429,772,Fixed-rate,1079725,2000,2015,2079725
430,1904,Fixed-rate,429563,2000,2015,1429563
431,2236,Cashout,717747,2014,2029,1717747
432,5305,Cashout,842303,2017,2032,1842303
433,2286,Cashout,292643,2007,2022,1292643
434,3886,Fixed-rate,264518,1995,2010,1264518
435,2744,Fixed-rate,476297,2003,2018,1476297
436,383,Cashout,801673,2002,2017,1801673
437,2173,Fixed-rate,1018556,2006,2021,2018556
438,3436,Cashout,987250,2008,2023,1987250
439,618,Fixed-rate,202397,2012,2027,1202397
440,2714,Fixed-rate,691806,2019,2034,1691806
441,1350,Fixed-rate,429408,2015,2030,1429408
442,2007,Fixed-rate,270849,1999,2014,1270849
443,857,Fixed-rate,810352,2017,2032,1810352
444,3011,Fixed-rate,294054,2009,2024,1294054
445,3027,Cashout,886845,2009,2024,1886845
446,2808,Fixed-rate,391524,2006,2021,1391524
447,2090,Fixed-rate,618362,2011,2026,1618362
448,3803,Fixed-rate,109085,2016,2031,1109085
449,2022,Cashout,351489,2000,2015,1351489
450,3970,Fixed-rate,864578,2003,2018,1864578
451,1670,Fixed-rate,418329,2017,2032,1418329
452,2476,Cashout,352085,2005,2020,1352085
453,2670,Fixed-rate,455668,2014,2029,1455668
454,2894,Fixed-rate,479546,2008,2023,1479546
455,1786,Cashout,835041,2018,2033,1835041
456,2834,Cashout,511311,2004,2019,1511311
457,4345,Fixed-rate,334968,2010,2025,1334968
458,1563,Fixed-rate,310370,2013,2028,1310370
459,1249,Fixed-rate,709176,2013,2028,1709176
460,1534,Cashout,520923,2010,2025,1520923
461,2478,Cashout,814361,2018,2033,1814361
462,227,Cashout,969508,2003,2018,1969508
463,1715,Cashout,498434,2019,2034,1498434
464,610,Cashout,818452,2018,2033,1818452
465,1439,Fixed-rate,319656,2021,2036,1319656
466,724,Cashout,870027,2010,2025,1870027
467,2099,Fixed-rate,876985,2013,2028,1876985
468,3188,Cashout,505364,1999,2014,1505364
469,921,Cashout,833309,2003,2018,1833309
470,1565,Fixed-rate,1104254,1993,2008,2104254
471,3631,Fixed-rate,1025828,2004,2019,2025828
472,266,Cashout,1097918,1995,2010,2097918
473,3849,Fixed-rate,903448,2020,2035,1903448
474,2609,Cashout,487832,1995,2010,1487832
475,2970,Fixed-rate,647540,2014,2029,1647540
476,2306,Cashout,331354,2011,2026,1331354
477,548,Fixed-rate,803770,2004,2019,1803770
478,2298,Cashout,312044,2005,2020,1312044
479,443,Cashout,170880,2004,2019,1170880
480,2255,Fixed-rate,533907,2018,2033,1533907
481,1711,Fixed-rate,268142,1999,2014,1268142
482,3526,Fixed-rate,974650,1998,2013,1974650
483,2474,Cashout,1064140,2006,2021,2064140
484,93,Cashout,1096916,2009,2024,2096916
485,916,Fixed-rate,693967,2010,2025,1693967
486,3146,Cashout,839852,2013,2028,1839852
487,3793,Cashout,405749,2020,2035,1405749
488,3495,Cashout,614804,2006,2021,1614804
489,3576,Cashout,174597,1996,2011,1174597
490,2714,Fixed-rate,1109659,2002,2017,2109659
491,2846,Cashout,569728,2014,2029,1569728
492,636,Cashout,579724,2009,2024,1579724
493,56,Cashout,118027,1993,2008,1118027
494,74,Fixed-rate,416867,2006,2021,1416867
495,170,Fixed-rate,1102186,2001,2016,2102186
496,3633,Cashout,350758,2003,2018,1350758
497,1013,Cashout,516981,1995,2010,1516981
498,3858,Fixed-rate,471324,1993,2008,1471324
499,3557,Cashout,149209,2014,2029,1149209
500,672,Cashout,275397,2007,2022,1275397
501,3925,Fixed-rate,765988,2013,2028,1765988
502,3471,Cashout,838701,2016,2031,1838701
503,2022,Fixed-rate,751120,2008,2023,1751120
504,56,Cashout,208820,2011,2026,1208820
505,2283,Fixed-rate,449050,2005,2020,1449050
506,847,Cashout,798949,1999,2014,1798949
507,3850,Fixed-rate,370600,2002,2017,1370600
508,601,Cashout,481912,2007,2022,1481912
509,1995,Fixed-rate,315279,2003,2018,1315279
510,3674,Fixed-rate,956808,1999,2014,1956808
511,3262,Cashout,897320,2007,2022,1897320
512,3827,Cashout,559364,1995,2010,1559364
513,3486,Fixed-rate,112442,2007,2022,1112442
514,2885,Fixed-rate,114435,2017,2032,1114435
515,3945,Fixed-rate,435780,2003,2018,1435780
516,3365,Fixed-rate,127619,2001,2016,1127619
517,2705,Cashout,653486,2004,2019,1653486
518,1187,Cashout,230734,2016,2031,1230734
519,3249,Cashout,565118,2001,2016,1565118
520,7185,Cashout,958820,2010,2025,1958820
521,2462,Cashout,274194,2001,2016,1274194
522,2179,Cashout,811912,2014,2029,1811912
523,3246,Fixed-rate,424139,1994,2009,1424139
524,2031,Cashout,448298,2008,2023,1448298
525,375,Fixed-rate,163256,2005,2020,1163256
526,1452,Fixed-rate,1024355,2021,2036,2024355
527,3086,Fixed-rate,122773,2010,2025,1122773
528,204,Fixed-rate,380728,2001,2016,1380728
529,145,Cashout,1071715,1993,2008,2071715
530,495,Cashout,207377,2009,2024,1207377
531,2992,Cashout,290070,1996,2011,1290070
532,1417,Cashout,692343,1994,2009,1692343
533,1192,Fixed-rate,718806,1999,2014,1718806
534,1221,Fixed-rate,913884,2020,2035,1913884
535,1850,Cashout,836686,2013,2028,1836686
536,2721,Fixed-rate,169923,2006,2021,1169923
537,2988,Cashout,832357,2002,2017,1832357
538,3835,Cashout,790477,2013,2028,1790477
539,833,Cashout,837422,2001,2016,1837422
540,3105,Cashout,445065,2002,2017,1445065
541,4865,Cashout,553244,1999,2014,1553244
542,1869,Fixed-rate,331225,1998,2013,1331225
543,866,Fixed-rate,722645,2000,2015,1722645
544,3548,Fixed-rate,929627,2015,2030,1929627
545,966,Cashout,261885,2021,2036,1261885
546,763,Cashout,712296,2014,2029,1712296
547,849,Cashout,704745,2002,2017,1704745
548,1990,Cashout,481529,1993,2008,1481529
549,1064,Fixed-rate,269154,2018,2033,1269154
550,1782,Fixed-rate,263641,1998,2013,1263641
551,548,Fixed-rate,676940,2020,2035,1676940
552,3028,Fixed-rate,374902,1994,2009,1374902
553,1847,Cashout,853168,2002,2017,1853168
554,59,Fixed-rate,348776,1995,2010,1348776
555,3187,Fixed-rate,929370,2015,2030,1929370
556,277,Cashout,675630,2021,2036,1675630
557,3898,Fixed-rate,850721,1996,2011,1850721
558,285,Fixed-rate,142926,2019,2034,1142926
559,1738,Cashout,1019193,1998,2013,2019193
560,56,Cashout,803031,2013,2028,1803031
561,2587,Fixed-rate,236900,2007,2022,1236900
562,1967,Cashout,555429,2017,2032,1555429
563,39,Fixed-rate,139659,2012,2027,1139659
564,1314,Cashout,303482,2004,2019,1303482
565,2244,Fixed-rate,356843,2020,2035,1356843
566,316,Cashout,433170,2012,2027,1433170
567,995,Fixed-rate,786457,2013,2028,1786457
568,522,Cashout,328059,1993,2008,1328059
569,1434,Fixed-rate,593475,2019,2034,1593475
570,1897,Fixed-rate,414690,2004,2019,1414690
571,3817,Cashout,333197,2020,2035,1333197
572,1185,Fixed-rate,957894,1996,2011,1957894
573,452,Fixed-rate,628765,2007,2022,1628765
574,2090,Fixed-rate,130712,2003,2018,1130712
575,3857,Cashout,212644,2000,2015,1212644
576,3808,Fixed-rate,396415,2001,2016,1396415
577,2608,Fixed-rate,1087874,2020,2035,2087874
578,2465,Cashout,1111755,2009,2024,2111755
579,499,Fixed-rate,1083446,1994,2009,2083446
580,3016,Fixed-rate,298001,2007,2022,1298001
581,2570,Cashout,905925,2009,2024,1905925
582,3410,Cashout,553189,2000,2015,1553189
583,2407,Fixed-rate,1104236,2000,2015,2104236
584,3856,Fixed-rate,683975,1999,2014,1683975
585,1784,Fixed-rate,130555,2003,2018,1130555
586,1729,Cashout,653503,2010,2025,1653503
587,6285,Fixed-rate,897599,1998,2013,1897599
588,1246,Fixed-rate,323292,2007,2022,1323292
589,2150,Fixed-rate,1032031,2000,2015,2032031
590,3222,Cashout,845408,2011,2026,1845408
591,3953,Cashout,207172,2012,2027,1207172
592,3753,Cashout,162869,2014,2029,1162869
593,2308,Fixed-rate,986242,2002,2017,1986242
594,1915,Fixed-rate,476681,1995,2010,1476681
595,3178,Cashout,403484,2003,2018,1403484
596,1416,Cashout,194651,2018,2033,1194651
597,3545,Fixed-rate,495668,2006,2021,1495668
598,769,Fixed-rate,1014442,2019,2034,2014442
599,179,Cashout,715544,2018,2033,1715544
600,2235,Fixed-rate,236588,2009,2024,1236588
601,305,Cashout,182946,2013,2028,1182946
602,42,Fixed-rate,808813,2009,2024,1808813
603,1995,Fixed-rate,349497,2005,2020,1349497
604,3572,Cashout,169704,2021,2036,1169704
605,3133,Fixed-rate,850173,1996,2011,1850173
606,1544,Fixed-rate,250538,2014,2029,1250538
607,3822,Cashout,599577,2015,2030,1599577
608,3045,Cashout,722780,2002,2017,1722780
609,2922,Fixed-rate,445475,2012,2027,1445475
610,43,Fixed-rate,727661,2021,2036,1727661
611,3759,Cashout,234279,2006,2021,1234279
612,7045,Fixed-rate,1076985,2004,2019,2076985
613,1868,Fixed-rate,160353,2016,2031,1160353
614,2377,Fixed-rate,1042319,2017,2032,2042319
615,874,Fixed-rate,833056,2014,2029,1833056
616,590,Fixed-rate,627410,2005,2020,1627410
617,1628,Cashout,527503,1993,2008,1527503
618,5885,Cashout,1027951,2018,2033,2027951
619,561,Fixed-rate,308801,1995,2010,1308801
620,2281,Fixed-rate,306024,2020,2035,1306024
621,3873,Cashout,509744,1998,2013,1509744
622,2575,Cashout,746457,2002,2017,1746457
623,2501,Fixed-rate,321545,2015,2030,1321545
624,1103,Fixed-rate,567772,2015,2030,1567772
625,263,Fixed-rate,206200,2021,2036,1206200
626,1714,Fixed-rate,692141,2019,2034,1692141
627,1646,Fixed-rate,320466,1998,2013,1320466
628,1885,Fixed-rate,837119,2019,2034,1837119
629,2608,Fixed-rate,334763,2006,2021,1334763
630,3543,Fixed-rate,937109,2012,2027,1937109
631,3845,Fixed-rate,729141,2015,2030,1729141
632,1711,Fixed-rate,534030,2002,2017,1534030
633,3417,Fixed-rate,1109803,2004,2019,2109803
634,3535,Cashout,893962,2020,2035,1893962
635,1033,Cashout,945887,2014,2029,1945887
636,2390,Cashout,459051,2014,2029,1459051
637,789,Cashout,431786,2006,2021,1431786
638,2014,Cashout,557846,2001,2016,1557846
639,828,Cashout,373066,1997,2012,1373066
640,1303,Cashout,385707,2009,2024,1385707
641,3377,Cashout,397558,2006,2021,1397558
642,187,Fixed-rate,240842,1995,2010,1240842
643,3197,Fixed-rate,1021458,2020,2035,2021458
644,2618,Fixed-rate,262023,1994,2009,1262023
645,1653,Cashout,294097,1998,2013,1294097
646,5065,Fixed-rate,435999,2019,2034,1435999
647,2453,Cashout,305086,2012,2027,1305086
648,3244,Cashout,649024,1999,2014,1649024
649,2452,Fixed-rate,967582,2001,2016,1967582
650,1453,Fixed-rate,805485,2009,2024,1805485
651,1282,Cashout,803410,2011,2026,1803410
652,5325,Cashout,1044841,2009,2024,2044841
653,2274,Fixed-rate,1086587,2014,2029,2086587
654,3467,Fixed-rate,516485,2016,2031,1516485
655,151,Cashout,1087722,1999,2014,2087722
656,2164,Cashout,1005828,2017,2032,2005828
657,3933,Cashout,947278,1998,2013,1947278
658,1233,Fixed-rate,236594,2010,2025,1236594
659,5165,Fixed-rate,153241,2016,2031,1153241
660,441,Fixed-rate,684318,2001,2016,1684318
661,2753,Fixed-rate,767484,1998,2013,1767484
662,3666,Cashout,436528,1998,2013,1436528
663,3013,Fixed-rate,186060,1998,2013,1186060
664,432,Cashout,1040144,1998,2013,2040144
665,973,Fixed-rate,326096,2002,2017,1326096
666,3975,Cashout,937235,2005,2020,1937235
667,7785,Cashout,166870,2005,2020,1166870
668,2524,Cashout,913805,2006,2021,1913805
669,904,Fixed-rate,715937,2010,2025,1715937
670,5,Fixed-rate,102530,1995,2010,1102530
671,3658,Fixed-rate,162425,2012,2027,1162425
672,292,Fixed-rate,452474,2020,2035,1452474
673,949,Cashout,589347,2008,2023,1589347
674,401,Cashout,691369,2018,2033,1691369
675,7245,Cashout,474932,2003,2018,1474932
676,3712,Fixed-rate,948076,2016,2031,1948076
677,3095,Cashout,969496,2005,2020,1969496
678,1127,Fixed-rate,748264,2022,2037,1748264
679,1107,Fixed-rate,127807,2016,2031,1127807
680,2984,Fixed-rate,666585,2010,2025,1666585
681,3585,Fixed-rate,352315,2007,2022,1352315
682,2184,Cashout,924085,2012,2027,1924085
683,4645,Fixed-rate,312103,2008,2023,1312103
684,1254,Cashout,766984,2011,2026,1766984
685,2553,Fixed-rate,430067,1996,2011,1430067
686,3922,Fixed-rate,338613,2013,2028,1338613
687,1452,Fixed-rate,370684,1998,2013,1370684
688,1842,Fixed-rate,347091,2000,2015,1347091
689,1585,Fixed-rate,147612,2006,2021,1147612
690,2170,Fixed-rate,132731,2019,2034,1132731
691,7125,Fixed-rate,1064778,2016,2031,2064778
692,3929,Fixed-rate,467384,2012,2027,1467384
693,1798,Cashout,964093,1995,2010,1964093
694,774,Fixed-rate,379709,2001,2016,1379709
695,1005,Fixed-rate,864180,2014,2029,1864180
696,3513,Cashout,1029501,1994,2009,2029501
697,2239,Cashout,444928,1997,2012,1444928
698,1234,Fixed-rate,1028849,1999,2014,2028849
699,7305,Cashout,592850,2008,2023,1592850
700,1315,Cashout,1105441,2014,2029,2105441
701,1766,Fixed-rate,159229,2012,2027,1159229
702,2139,Cashout,122241,2000,2015,1122241
703,1568,Cashout,137021,2014,2029,1137021
704,832,Cashout,666567,2013,2028,1666567
705,2689,Cashout,637372,1998,2013,1637372
706,2779,Cashout,795496,2021,2036,1795496
707,325,Cashout,220602,2008,2023,1220602
708,3046,Cashout,777646,1999,2014,1777646
709,7405,Fixed-rate,863265,2001,2016,1863265
710,1787,Cashout,601337,1993,2008,1601337
711,3471,Cashout,1109213,2001,2016,2109213
712,3456,Fixed-rate,669263,2012,2027,1669263
713,2177,Cashout,521730,1996,2011,1521730
714,7065,Fixed-rate,887798,2019,2034,1887798
715,4265,Cashout,453185,2002,2017,1453185
716,1356,Fixed-rate,506495,2018,2033,1506495
717,370,Cashout,867453,2021,2036,1867453
718,7605,Cashout,887514,2009,2024,1887514
719,2628,Fixed-rate,206834,2012,2027,1206834
720,2519,Cashout,721437,2016,2031,1721437
721,683,Fixed-rate,385304,2017,2032,1385304
722,428,Fixed-rate,246217,2022,2037,1246217
723,365,Fixed-rate,529725,1995,2010,1529725
724,1559,Cashout,903326,2002,2017,1903326
725,2143,Cashout,251974,2020,2035,1251974
726,2359,Cashout,441103,2017,2032,1441103
727,7005,Fixed-rate,233817,2002,2017,1233817
728,2917,Fixed-rate,444296,2020,2035,1444296
729,1039,Cashout,740699,1998,2013,1740699
730,3127,Cashout,678209,2000,2015,1678209
731,2727,Fixed-rate,353065,2019,2034,1353065
732,1429,Cashout,1024609,1999,2014,2024609
733,2523,Cashout,441573,1998,2013,1441573
734,249,Cashout,356547,1996,2011,1356547
735,1271,Fixed-rate,601637,2006,2021,1601637
736,1814,Fixed-rate,699697,2021,2036,1699697
737,2183,Fixed-rate,835511,2012,2027,1835511
738,2637,Fixed-rate,485888,2019,2034,1485888
739,863,Fixed-rate,489807,1997,2012,1489807
740,3971,Cashout,847497,1996,2011,1847497
741,1146,Fixed-rate,156039,2002,2017,1156039
742,2171,Fixed-rate,816073,2002,2017,1816073
743,3353,Cashout,984238,2002,2017,1984238
744,1067,Cashout,162495,2000,2015,1162495
745,2176,Cashout,480552,2016,2031,1480552
746,1484,Fixed-rate,926858,1999,2014,1926858
747,2596,Cashout,677307,2018,2033,1677307
748,1505,Cashout,302868,2008,2023,1302868
749,3115,Fixed-rate,960033,2012,2027,1960033
750,2231,Cashout,1088201,1998,2013,2088201
751,395,Fixed-rate,883762,2015,2030,1883762
752,3914,Cashout,951777,2004,2019,1951777
753,402,Fixed-rate,542845,2020,2035,1542845
754,5585,Fixed-rate,261524,2008,2023,1261524
755,2158,Fixed-rate,971431,1997,2012,1971431
756,2054,Fixed-rate,771240,2008,2023,1771240
757,2252,Fixed-rate,514784,2007,2022,1514784
758,3219,Cashout,839418,1995,2010,1839418
759,1750,Cashout,797527,2012,2027,1797527
760,169,Cashout,470358,2000,2015,1470358
761,2379,Fixed-rate,1079544,2007,2022,2079544
762,3146,Cashout,123416,1998,2013,1123416
763,3883,Fixed-rate,997019,2016,2031,1997019
764,1518,Fixed-rate,847515,2018,2033,1847515
765,2953,Fixed-rate,155003,2001,2016,1155003
766,1987,Fixed-rate,403276,2007,2022,1403276
767,1637,Fixed-rate,657905,2015,2030,1657905
768,2344,Cashout,156582,1998,2013,1156582
769,3093,Fixed-rate,826536,2018,2033,1826536
770,2412,Cashout,967049,2021,2036,1967049
771,2790,Cashout,237267,2006,2021,1237267
772,430,Cashout,709490,2015,2030,1709490
773,1192,Fixed-rate,982050,2011,2026,1982050
774,3515,Cashout,787821,2015,2030,1787821
775,995,Cashout,714365,2005,2020,1714365
776,1712,Cashout,573296,2018,2033,1573296
777,1393,Fixed-rate,903512,2022,2037,1903512
778,3128,Cashout,1002026,2015,2030,2002026
779,3221,Cashout,1102573,1993,2008,2102573
780,2812,Cashout,631808,2010,2025,1631808
781,3518,Fixed-rate,259612,1997,2012,1259612
782,2585,Fixed-rate,1008925,1996,2011,2008925
783,3367,Fixed-rate,381451,1996,2011,1381451
784,974,Fixed-rate,681625,2010,2025,1681625
785,479,Cashout,210525,2000,2015,1210525
786,1301,Fixed-rate,114137,2003,2018,1114137
787,522,Cashout,196897,2020,2035,1196897
788,1519,Cashout,282965,2010,2025,1282965
789,1857,Fixed-rate,823656,2021,2036,1823656
790,1218,Fixed-rate,955253,2008,2023,1955253
791,3718,Fixed-rate,440655,2012,2027,1440655
792,1427,Cashout,265097,2009,2024,1265097
793,49,Cashout,404389,1996,2011,1404389
794,329,Cashout,886905,2009,2024,1886905
795,3348,Cashout,156824,2017,2032,1156824
796,1571,Cashout,908719,2012,2027,1908719
797,2543,Fixed-rate,264660,1996,2011,1264660
798,3349,Fixed-rate,731914,2014,2029,1731914
799,185,Fixed-rate,442589,2016,2031,1442589
800,1657,Cashout,1045054,2009,2024,2045054
801,2229,Fixed-rate,255256,2020,2035,1255256
802,889,Cashout,999209,2019,2034,1999209
803,1825,Fixed-rate,438881,2016,2031,1438881
804,3844,Cashout,635469,2021,2036,1635469
805,841,Cashout,719228,2006,2021,1719228
806,1433,Cashout,905992,2002,2017,1905992
807,3502,Fixed-rate,1067624,2000,2015,2067624
808,837,Fixed-rate,316829,2003,2018,1316829
809,1381,Fixed-rate,429431,2006,2021,1429431
810,2750,Cashout,430179,2003,2018,1430179
811,475,Fixed-rate,117420,2009,2024,1117420
812,2549,Fixed-rate,864254,2016,2031,1864254
813,617,Cashout,429489,1997,2012,1429489
814,3993,Cashout,214436,2018,2033,1214436
815,1268,Cashout,489674,2012,2027,1489674
816,1059,Cashout,362798,2014,2029,1362798
817,3513,Fixed-rate,344618,2019,2034,1344618
818,7205,Cashout,1026525,1994,2009,2026525
819,1637,Cashout,326805,2021,2036,1326805
820,3209,Cashout,1052800,1994,2009,2052800
821,3284,Cashout,808544,2004,2019,1808544
822,2123,Cashout,218763,2017,2032,1218763
823,3710,Fixed-rate,352197,2001,2016,1352197
824,3536,Fixed-rate,203909,2009,2024,1203909
825,2395,Cashout,230421,1994,2009,1230421
826,904,Fixed-rate,386878,1994,2009,1386878
827,1345,Fixed-rate,325925,2008,2023,1325925
828,2968,Fixed-rate,519728,2001,2016,1519728
829,2837,Cashout,718442,2010,2025,1718442
830,3416,Fixed-rate,866474,1999,2014,1866474
831,2093,Fixed-rate,1036873,2019,2034,2036873
832,3175,Fixed-rate,1059800,1994,2009,2059800
833,2726,Cashout,675173,2005,2020,1675173
834,3635,Cashout,994374,1994,2009,1994374
835,629,Cashout,379260,2016,2031,1379260
836,3134,Cashout,426474,1998,2013,1426474
837,1601,Fixed-rate,354039,2000,2015,1354039
838,1528,Cashout,278491,2017,2032,1278491
839,3886,Fixed-rate,701324,2005,2020,1701324
840,955,Fixed-rate,790545,1997,2012,1790545
841,2399,Cashout,1047559,2017,2032,2047559
842,484,Fixed-rate,420309,1995,2010,1420309
843,6145,Cashout,999773,2017,2032,1999773
844,3429,Cashout,280193,2010,2025,1280193
845,1543,Cashout,459094,1996,2011,1459094
846,5425,Fixed-rate,164006,2015,2030,1164006
847,834,Fixed-rate,729456,2013,2028,1729456
848,3790,Fixed-rate,280790,2021,2036,1280790
849,2638,Cashout,660785,1995,2010,1660785
850,2087,Cashout,857381,2003,2018,1857381
851,2348,Fixed-rate,499020,2012,2027,1499020
852,2762,Cashout,256769,2011,2026,1256769
853,377,Cashout,778317,2016,2031,1778317
854,1617,Fixed-rate,835728,2000,2015,1835728
855,3350,Fixed-rate,943453,2018,2033,1943453
856,3229,Cashout,265461,2009,2024,1265461
857,1998,Fixed-rate,205617,2001,2016,1205617
858,2733,Fixed-rate,724988,2017,2032,1724988
859,1277,Cashout,168311,2012,2027,1168311
860,1937,Fixed-rate,1067890,2010,2025,2067890
861,3016,Fixed-rate,788256,2006,2021,1788256
862,529,Cashout,903615,1994,2009,1903615
863,19,Fixed-rate,374867,1999,2014,1374867
864,4805,Cashout,939339,2011,2026,1939339
865,7865,Cashout,812404,2002,2017,1812404
866,875,Cashout,625824,2010,2025,1625824
867,1006,Fixed-rate,283617,2005,2020,1283617
868,1109,Cashout,364324,2005,2020,1364324
869,2975,Fixed-rate,346253,2001,2016,1346253
870,2888,Cashout,717336,2006,2021,1717336
871,4485,Cashout,816486,2014,2029,1816486
872,3105,Fixed-rate,1071984,2008,2023,2071984
873,1656,Fixed-rate,325380,2013,2028,1325380
874,3929,Fixed-rate,380104,1997,2012,1380104
875,1201,Fixed-rate,885629,2003,2018,1885629
876,3491,Cashout,663803,2021,2036,1663803
877,431,Fixed-rate,534982,2019,2034,1534982
878,1446,Cashout,495596,2006,2021,1495596
879,2053,Fixed-rate,987854,2011,2026,1987854
880,7305,Cashout,1069864,2002,2017,2069864
881,1767,Fixed-rate,276170,2008,2023,1276170
882,232,Fixed-rate,182313,2019,2034,1182313
883,889,Fixed-rate,576256,1997,2012,1576256
884,1737,Fixed-rate,224322,2005,2020,1224322
885,2931,Fixed-rate,788049,2014,2029,1788049
886,3799,Cashout,796037,2003,2018,1796037
887,414,Fixed-rate,320618,2007,2022,1320618
888,1574,Fixed-rate,982714,2015,2030,1982714
889,1296,Fixed-rate,167824,2004,2019,1167824
890,1249,Fixed-rate,618731,2011,2026,1618731
891,1973,Fixed-rate,158535,2014,2029,1158535
892,3012,Fixed-rate,258557,1997,2012,1258557
893,1103,Fixed-rate,1097032,2017,2032,2097032
894,3995,Cashout,1097133,1993,2008,2097133
895,3089,Fixed-rate,1049954,2014,2029,2049954
896,2198,Fixed-rate,578014,2013,2028,1578014
897,1974,Cashout,508519,1994,2009,1508519
898,837,Cashout,1044183,2021,2036,2044183
899,723,Fixed-rate,864637,2002,2017,1864637
900,2037,Fixed-rate,166427,1993,2008,1166427
901,2536,Fixed-rate,224204,2017,2032,1224204
902,1062,Cashout,893215,2005,2020,1893215
903,811,Fixed-rate,633376,2021,2036,1633376
904,3541,Fixed-rate,797999,2005,2020,1797999
905,23,Fixed-rate,522527,2001,2016,1522527
906,2266,Fixed-rate,334219,2010,2025,1334219
907,2874,Fixed-rate,1030067,2008,2023,2030067
908,49,Cashout,497147,1998,2013,1497147
909,167,Fixed-rate,711432,2004,2019,1711432
910,3147,Fixed-rate,350542,1999,2014,1350542
911,2644,Cashout,1081547,2019,2034,2081547
912,2314,Fixed-rate,1033326,2021,2036,2033326
913,2533,Cashout,1019814,2004,2019,2019814
914,609,Fixed-rate,587969,2005,2020,1587969
915,2452,Fixed-rate,216446,1995,2010,1216446
916,590,Cashout,206291,1999,2014,1206291
917,2965,Cashout,556972,1998,2013,1556972
918,3305,Cashout,264174,2015,2030,1264174
919,1356,Cashout,936099,2018,2033,1936099
920,405,Fixed-rate,1079806,2014,2029,2079806
921,2630,Cashout,968305,2011,2026,1968305
922,183,Fixed-rate,449301,2007,2022,1449301
923,4585,Fixed-rate,264070,2007,2022,1264070
924,1863,Cashout,667692,1997,2012,1667692
925,2672,Cashout,742657,2004,2019,1742657
926,1655,Cashout,738096,1998,2013,1738096
927,1115,Fixed-rate,583809,2017,2032,1583809
928,1799,Fixed-rate,104217,2010,2025,1104217
929,684,Cashout,389277,2008,2023,1389277
930,676,Fixed-rate,335413,2003,2018,1335413
931,2625,Fixed-rate,205657,2018,2033,1205657
932,3842,Cashout,496133,2008,2023,1496133
933,4385,Fixed-rate,761353,2007,2022,1761353
934,4985,Fixed-rate,134707,2004,2019,1134707
935,421,Fixed-rate,918154,2008,2023,1918154
936,2961,Fixed-rate,596072,1994,2009,1596072
937,377,Fixed-rate,107502,2013,2028,1107502
938,165,Fixed-rate,221681,2022,2037,1221681
939,3934,Cashout,249869,2007,2022,1249869
940,3206,Fixed-rate,774488,2010,2025,1774488
941,1794,Fixed-rate,586124,2020,2035,1586124
942,1717,Cashout,193228,2005,2020,1193228
943,3443,Cashout,850869,2021,2036,1850869
944,1763,Cashout,148487,2009,2024,1148487
945,3063,Fixed-rate,558115,1996,2011,1558115
946,3145,Cashout,366780,2002,2017,1366780
947,54,Cashout,112713,2009,2024,1112713
948,870,Cashout,1020715,1998,2013,2020715
949,2094,Fixed-rate,456493,2013,2028,1456493
950,3805,Fixed-rate,421179,2009,2024,1421179
951,1565,Cashout,328097,2018,2033,1328097
952,1585,Fixed-rate,643834,1994,2009,1643834
953,1790,Cashout,407112,2012,2027,1407112
954,2089,Cashout,445105,2002,2017,1445105
955,3513,Cashout,978982,2017,2032,1978982
956,3778,Fixed-rate,139391,2004,2019,1139391
957,1215,Fixed-rate,395366,1994,2009,1395366
958,1924,Fixed-rate,570344,2019,2034,1570344
959,3835,Fixed-rate,672893,2004,2019,1672893
960,2598,Cashout,358957,2015,2030,1358957
961,3972,Cashout,153976,2003,2018,1153976
962,730,Cashout,969707,2020,2035,1969707
963,351,Fixed-rate,820664,2012,2027,1820664
964,3770,Cashout,169852,2009,2024,1169852
965,897,Cashout,823097,2000,2015,1823097
966,2692,Cashout,219071,2019,2034,1219071
967,251,Fixed-rate,371605,2007,2022,1371605
968,762,Cashout,424165,2021,2036,1424165
969,482,Cashout,1041577,2014,2029,2041577
970,72,Cashout,1083029,2012,2027,2083029
971,957,Cashout,135381,1994,2009,1135381
972,2516,Cashout,999833,2005,2020,1999833
973,2702,Fixed-rate,278334,1997,2012,1278334
974,1953,Fixed-rate,730303,2007,2022,1730303
975,710,Fixed-rate,679223,2010,2025,1679223
976,3484,Cashout,248285,1997,2012,1248285
977,5185,Fixed-rate,499646,2004,2019,1499646
978,909,Fixed-rate,234439,2020,2035,1234439
979,3777,Cashout,674461,2004,2019,1674461
980,1767,Fixed-rate,295904,2005,2020,1295904
981,795,Fixed-rate,113327,2018,2033,1113327
982,151,Fixed-rate,770291,2022,2037,1770291
983,1221,Fixed-rate,699983,2011,2026,1699983
984,3031,Cashout,846415,2006,2021,1846415
985,1424,Cashout,745357,2009,2024,1745357
986,2222,Cashout,117774,1997,2012,1117774
987,501,Cashout,259250,2001,2016,1259250
988,1724,Fixed-rate,628997,2016,2031,1628997
989,1472,Fixed-rate,648420,2013,2028,1648420
990,708,Fixed-rate,1062620,1994,2009,2062620
991,1879,Cashout,439286,2003,2018,1439286
992,1681,Cashout,478049,2021,2036,1478049
993,209,Fixed-rate,681086,2019,2034,1681086
994,2102,Fixed-rate,1047625,2003,2018,2047625
995,1874,Cashout,129048,1993,2008,1129048
996,3893,Cashout,417796,2010,2025,1417796
997,134,Cashout,1085416,2014,2029,2085416
998,498,Fixed-rate,304776,2015,2030,1304776
999,3910,Fixed-rate,593638,2020,2035,1593638
1000,2622,Fixed-rate,206156,1995,2010,1206156
